id,type,ext:score,name,sort-name,gender,disambiguation,isni-list,tag-list,area.id,area.type,area.name,area.sort-name,area.life-span.ended,begin-area.id,begin-area.type,begin-area.name,begin-area.sort-name,begin-area.life-span.ended,end-area.id,end-area.type,end-area.name,end-area.sort-name,end-area.life-span.ended,life-span.begin,life-span.end,life-span.ended,country,alias-list,ipi-list
25f46ed2-ac8a-4428-ad09-5a3fa5162086,Person,100,Muzio Clementi,"Clementi, Muzio",male,composer,['0000000108785621'],"[{'count': '2', 'name': 'classical'}, {'count': '1', 'name': 'composer'}, {'count': '1', 'name': 'english composer'}]",9d5dd675-3cf4-4296-9e39-67865ebee758,Subdivision,England,England,false,dccd77b2-bd3d-49eb-a98f-fd58e87f481e,City,Roma,Roma,false,eb1f7d4b-4aad-4939-98ab-f8bbcbec5ad8,City,Evesham,Evesham,false,1752-01-24,1832-03-10,true,,,
31e7bab6-66ce-4aa5-87f0-0333c4b6c5d2,Person,88,Jean C. Roché,"Roché, Jean C.",male,,['0000000107177827'],"[{'count': '1', 'name': 'french'}]",08310658-51eb-3801-80de-5a0739207115,Country,France,France,false,248d4d8c-53b8-4378-9000-39cd95a4840f,City,Boulogne-Billancourt,Boulogne-Billancourt,false,,,,,,1931-05-11,,false,FR,"[{'sort-name': 'Roché, Jean‐Claude', 'type': 'Legal name', 'alias': 'Jean‐Claude Roché'}]",
24f1766e-9635-4d58-a4d4-9413f9f98a4c,Person,86,Johann Sebastian Bach,"Bach, Johann Sebastian",male,German Baroque period composer & musician,['0000000122764157'],"[{'count': '14', 'name': 'classical'}, {'count': '4', 'name': 'german'}, {'count': '0', 'name': 'german composer'}, {'count': '1', 'name': 'orchestral'}, {'count': '6', 'name': 'composer'}, {'count': '0', 'name': 'organist'}, {'count': '7', 'name': 'baroque'}, {'count': '0', 'name': 'latin'}, {'count': '2', 'name': 'european'}, {'count': '0', 'name': 'bach'}, {'count': '1', 'name': 'mass'}, {'count': '0', 'name': 'wagner'}, {'count': '0', 'name': 'six'}, {'count': '0', 'name': '134a'}, {'count': '1', 'name': 'motet'}, {'count': '0', 'name': 'mathäuspassion'}, {'count': '0', 'name': 'messe h-moll'}, {'count': '0', 'name': 'vox'}, {'count': '1', 'name': 'cantata'}, {'count': '0', 'name': 'cantata 147'}, {'count': '-1', 'name': 'bach double violin concerto'}, {'count': '1', 'name': 'helmut walcha'}, {'count': '1', 'name': '1036'}]",85752fda-13c4-31a3-bee5-0e5cb1f51dad,Country,Germany,Germany,false,8331b712-99b9-41ef-bf58-0f033f8d926a,City,Eisenach,Eisenach,false,20619e36-fca8-4499-bcc8-be01a3ea3e41,City,Leipzig,Leipzig,false,1685-03-21,1750-07-28,true,DE,"[{'sort-name': 'Johnann Sebastian Bach', 'type': 'Search hint', 'alias': 'Johnann Sebastian Bach'}, {'locale': 'fr', 'sort-name': 'Bach, Jean-Sébastien', 'type': 'Artist name', 'primary': 'primary', 'alias': 'Jean-Sébastien Bach'}, {'locale': 'fr', 'sort-name': 'Bach, Johann Sebastian', 'type': 'Artist name', 'alias': 'Johann Sebastian Bach'}, {'locale': 'en', 'sort-name': 'Bach, Johann Sebastian', 'type': 'Artist name', 'primary': 'primary', 'alias': 'Johann Sebastian Bach'}, {'locale': 'ja', 'sort-name': 'バッハ', 'alias': 'バッハ'}, {'locale': 'ko', 'sort-name': '바흐', 'alias': '바흐'}, {'locale': 'cs', 'sort-name': 'Bach, J. S.', 'alias': 'J. S. Bach'}, {'locale': 'uk', 'sort-name': 'Bach, Johann Sebastian', 'type': 'Artist name', 'primary': 'primary', 'alias': 'Йоганн Себастьян Бах'}, {'sort-name': 'Bach', 'type': 'Search hint', 'alias': 'Bach'}, {'sort-name': 'Johann S. Bach', 'type': 'Search hint', 'alias': 'Johann S. Bach'}, {'sort-name': 'Johann Sebstian Bach', 'type': 'Search hint', 'alias': 'Johann Sebstian Bach'}, {'sort-name': 'Johann Sebasitan Bach', 'type': 'Search hint', 'alias': 'Johann Sebasitan Bach'}, {'sort-name': 'Себастьян Бах', 'alias': 'Себастьян Бах'}, {'sort-name': 'J.S.Bash', 'type': 'Search hint', 'alias': 'J.S.Bash'}, {'sort-name': 'Bach', 'type': 'Artist name', 'alias': 'Bach'}, {'locale': 'lv', 'sort-name': 'Bahs, J.S.', 'alias': 'J.S. Bahs'}, {'sort-name': 'Johann Savastian Bach', 'type': 'Search hint', 'alias': 'Johann Savastian Bach'}, {'sort-name': 'Jan Sebastian Bach', 'alias': 'Jan Sebastian Bach'}, {'locale': 'ru', 'sort-name': 'Бах, Иоганн Севастьян', 'type': 'Artist name', 'alias': 'Иоганн Севастьян Бах'}, {'sort-name': 'J. S. Bacj', 'type': 'Search hint', 'alias': 'J. S. Bacj'}, {'sort-name': 'J S Bach', 'type': 'Search hint', 'alias': 'J S Bach'}, {'sort-name': 'Johann Sebastuan Bach', 'type': 'Search hint', 'alias': 'Johann Sebastuan Bach'}, {'sort-name': 'J.S Bach', 'type': 'Search hint', 'alias': 'J.S Bach'}, {'sort-name': 'Johann-sebastian Bach', 'type': 'Search hint', 'alias': 'Johann-sebastian Bach'}, {'sort-name': 'J.S.Bach', 'type': 'Search hint', 'alias': 'J.S.Bach'}, {'sort-name': 'J.S. Bach', 'type': 'Search hint', 'alias': 'J.S. Bach'}, {'sort-name': 'JS Bach', 'type': 'Search hint', 'alias': 'JS Bach'}, {'sort-name': 'Johan Sebastian Bach', 'type': 'Search hint', 'alias': 'Johan Sebastian Bach'}, {'sort-name': 'Johann Sebastion Bach', 'type': 'Search hint', 'alias': 'Johann Sebastion Bach'}, {'sort-name': 'Johann Sabastian Bach', 'type': 'Search hint', 'alias': 'Johann Sabastian Bach'}, {'locale': 'ja', 'sort-name': 'バッハ ヨハンゼバスティアン', 'type': 'Artist name', 'alias': 'ヨハン・ゼバスティアン・バッハ'}, {'locale': 'el', 'sort-name': 'Μπαχ, Γιόχαν Σεμπάστιαν', 'type': 'Artist name', 'primary': 'primary', 'alias': 'Γιόχαν Σεμπάστιαν Μπαχ'}, {'locale': 'ru', 'sort-name': 'Бах, Иоганн Себастьян', 'type': 'Artist name', 'primary': 'primary', 'alias': 'Иоганн Себастьян Бах'}, {'locale': 'de', 'sort-name': 'Bach, Johann Sebastian', 'type': 'Artist name', 'primary': 'primary', 'alias': 'Johann Sebastian Bach'}, {'sort-name': 'Bach (1685-1750)', 'type': 'Search hint', 'alias': 'Bach (1685-1750)'}, {'locale': 'ar', 'sort-name': 'يوهان سباستيان باخ', 'type': 'Artist name', 'primary': 'primary', 'alias': 'يوهان سباستيان باخ'}, {'locale': 'lv', 'sort-name': 'Bahs, J. S.', 'alias': 'J. S. Bahs'}, {'locale': 'ja', 'sort-name': 'バッハ ヨハンゼバスティアン', 'type': 'Artist name', 'primary': 'primary', 'alias': 'J.S.バッハ'}, {'locale': 'lv', 'sort-name': 'Bahs, J.S.', 'alias': 'J.S.Bahs'}]",['00001749311']
ef5f7005-c34f-4fe3-8f32-f476431c3b19,Person,84,Anna Clementi,"Clementi, Anna",female,,['0000000055494619'],,c6500277-9a3d-349b-bf30-41afdbf42add,Country,Italy,Italy,false,,,,,,,,,,,,,false,IT,,
f87786d4-ce33-4dfd-bb17-9e3d41b0c2a9,Person,83,Roberto Clementi,"Clementi, Roberto",male,Italian DJ,,,c6500277-9a3d-349b-bf30-41afdbf42add,Country,Italy,Italy,false,,,,,,,,,,,,,false,IT,,
a0920ae6-2968-4f92-ac14-67448452bd18,Person,83,Robbie Robertson,"Robertson, Robbie",male,,['0000000094126675'],"[{'count': '1', 'name': 'rock'}]",71bbafaa-e825-3e15-8ca9-017dcad1748b,Country,Canada,Canada,false,74b24e62-d2fe-42d2-9d96-31f2da756c77,City,Toronto,Toronto,false,,,,,,1943-07-05,,false,CA,"[{'sort-name': 'Jaime Robert Robertson', 'alias': 'Jaime Robert Robertson'}, {'sort-name': 'Robbie Robertson & The Red Roa', 'alias': 'Robbie Robertson & The Red Roa'}, {'sort-name': 'Robertson, Jaime Royal', 'type': 'Legal name', 'alias': 'Jaime Royal Robertson'}, {'sort-name': 'Robertson, Robbie', 'alias': 'Robertson, Robbie'}, {'sort-name': 'Robertson, Jaime', 'alias': 'Jaime Robertson'}]","['00026264103', '00058082767']"
b972f589-fb0e-474e-b64a-803b0364fa75,Person,83,Wolfgang Amadeus Mozart,"Mozart, Wolfgang Amadeus",male,classical composer,['0000000121269154'],"[{'count': '15', 'name': 'classical'}, {'count': '2', 'name': 'german'}, {'count': '3', 'name': 'opera'}, {'count': '7', 'name': 'austrian'}, {'count': '7', 'name': 'composer'}, {'count': '4', 'name': 'european'}, {'count': '0', 'name': 'series-mozart-complete works-philips'}, {'count': '1', 'name': 'symphony'}, {'count': '0', 'name': '1991'}, {'count': '0', 'name': 'complete mozart edition'}, {'count': '1', 'name': 'concerto'}, {'count': '0', 'name': 'requiem'}, {'count': '0', 'name': 'complete'}, {'count': '4', 'name': 'classical period'}, {'count': '1', 'name': 'sonata'}, {'count': '-1', 'name': 'late symphonies'}, {'count': '0', 'name': 'volume 15'}, {'count': '0', 'name': 'gould'}, {'count': '2', 'name': 'austrian composer'}, {'count': '0', 'name': 'karl ristenpart'}, {'count': '0', 'name': 'rothenberger'}, {'count': '1', 'name': 'ascanio in alba'}]",caac77d1-a5c8-3e6e-8e27-90b44dcc1446,Country,Austria,Austria,false,f0590317-8b42-4498-a2e4-34cc5562fcf8,City,Salzburg,Salzburg,false,afff1a94-a98b-4322-8874-3148139ab6da,City,Wien,Wien,false,1756-01-27,1791-12-05,true,AT,"[{'locale': 'ja', 'sort-name': 'モーツァルト', 'alias': 'モーツァルト'}, {'locale': 'ja', 'sort-name': 'ヴォルフガンク・アマデウス・モーツァルト', 'alias': 'ヴォルフガンク・アマデウス・モーツァルト'}, {'locale': 'en', 'sort-name': 'Mozart, W.A.', 'type': 'Artist name', 'alias': 'W.A.Mozart'}, {'sort-name': 'Wolfgang Amade Mozart', 'alias': 'Wolfgang Amade Mozart'}, {'sort-name': 'Wolfgang Anadeus Mozart', 'alias': 'Wolfgang Anadeus Mozart'}, {'locale': 'lv', 'sort-name': 'Mocarts, Volfgangs Amadejs', 'type': 'Artist name', 'primary': 'primary', 'alias': 'Volfgangs Amadejs Mocarts'}, {'sort-name': 'W.A. Mozart', 'type': 'Search hint', 'alias': 'W.A. Mozart'}, {'sort-name': 'W A Mozart', 'type': 'Search hint', 'alias': 'W A Mozart'}, {'sort-name': 'Wolfgang Amedeus Mozart', 'type': 'Search hint', 'alias': 'Wolfgang Amedeus Mozart'}, {'locale': 'de', 'sort-name': 'Mozart, Wolfgang Amadeus', 'type': 'Artist name', 'primary': 'primary', 'alias': 'Wolfgang Amadeus Mozart'}, {'sort-name': 'Wolfgang Amadeaus Mozart', 'type': 'Search hint', 'alias': 'Wolfgang Amadeaus Mozart'}, {'locale': 'en', 'sort-name': 'Mozart, Wolfgang Amadeus', 'type': 'Artist name', 'primary': 'primary', 'alias': 'Wolfgang Amadeus Mozart'}, {'sort-name': 'Mozart, Wolfgang Amadeus', 'alias': 'Wolfang Amadeus Mozart'}, {'sort-name': 'Wolfang A. Mozart', 'type': 'Search hint', 'alias': 'Wolfang A. Mozart'}, {'sort-name': 'Mozart', 'type': 'Artist name', 'alias': 'Mozart'}, {'sort-name': 'Wolfgan Amadeus Mozart', 'type': 'Search hint', 'alias': 'Wolfgan Amadeus Mozart'}, {'locale': 'ru', 'sort-name': 'Моцарт, Вольфганг Амадей', 'type': 'Artist name', 'primary': 'primary', 'alias': 'Вольфганг Амадей Моцарт'}, {'sort-name': 'W. A. Mozart', 'type': 'Search hint', 'alias': 'W. A. Mozart'}, {'sort-name': 'Wolfgang A. Mozart', 'type': 'Search hint', 'alias': 'Wolfgang A. Mozart'}, {'sort-name': 'WA Mozart', 'type': 'Search hint', 'alias': 'WA Mozart'}, {'sort-name': 'Wolfgang Armadeus Mozart', 'type': 'Search hint', 'alias': 'Wolfgang Armadeus Mozart'}, {'sort-name': 'Mosart', 'type': 'Search hint', 'alias': 'Mosart'}, {'sort-name': 'Wolfgang Amadues Mozart', 'type': 'Search hint', 'alias': 'Wolfgang Amadues Mozart'}, {'locale': 'ko', 'sort-name': '모짜르트', 'type': 'Artist name', 'alias': '볼프강 아마데우스 모짜르트'}, {'sort-name': 'Mozart, Johannes Chrysostomus Wolfgangus Theophilus', 'type': 'Legal name', 'alias': 'Johannes Chrysostomus Wolfgangus Theophilus Mozart'}]",['00021693006']
91e4ff8a-7bab-4c1a-83ed-56892df12cc5,Person,83,Aldo Clementi,"Clementi, Aldo",male,,['0000000119520645'],,c6500277-9a3d-349b-bf30-41afdbf42add,Country,Italy,Italy,false,0ebe2c1b-f49e-4144-be01-1f146ee6e8b3,Municipality,Catania,Catania,false,dccd77b2-bd3d-49eb-a98f-fd58e87f481e,City,Roma,Roma,false,1925-05-25,2011-03-03,true,IT,,
9c6dd2f1-5797-4230-815e-71a3582f3c73,Person,82,Georg Clementi,"Clementi, Georg",male,,,,caac77d1-a5c8-3e6e-8e27-90b44dcc1446,Country,Austria,Austria,false,,,,,,,,,,,1969-07-21,,false,AT,,
70248960-cb53-4ea4-943a-edb18f7d336f,Person,82,Bruce Springsteen,"Springsteen, Bruce",male,,['0000000121418834'],"[{'count': '9', 'name': 'rock'}, {'count': '3', 'name': 'folk'}, {'count': '0', 'name': 'cotm'}, {'count': '1', 'name': 'american'}, {'count': '3', 'name': 'singer-songwriter'}, {'count': '1', 'name': 'usa'}, {'count': '3', 'name': 'americana'}, {'count': '0', 'name': 'américain'}, {'count': '1', 'name': 'classic rock'}, {'count': '1', 'name': 'soft rock'}, {'count': '1', 'name': 'pop rock'}, {'count': '0', 'name': 'contemporary folk'}, {'count': '2', 'name': 'rock and roll'}, {'count': '5', 'name': 'heartland rock'}, {'count': '1', 'name': 'english'}, {'count': '0', 'name': 'classic pop and rock'}, {'count': '1', 'name': 'alternative folk'}, {'count': '1', 'name': 'grammy winner'}, {'count': '1', 'name': 'singer/songwriter'}, {'count': '0', 'name': 'pop/rock'}, {'count': '1', 'name': 'englisch'}, {'count': '1', 'name': 'swinger-songwriter'}, {'count': '1', 'name': 'messiah of rock and roll'}]",489ce91b-6658-3307-9877-795b68554c98,Country,United States,United States,false,bb0af2e9-6ae0-4c4f-b729-c8d6444d6380,City,Long Branch,Long Branch,false,,,,,,1949-09-23,,false,US,"[{'locale': 'en', 'sort-name': 'Boss, The', 'type': 'Artist name', 'alias': 'The Boss'}, {'locale': 'en', 'sort-name': 'Springsteen, Bruce', 'type': 'Artist name', 'primary': 'primary', 'alias': 'Bruce Springsteen'}, {'sort-name': 'Bruce Springteen', 'type': 'Search hint', 'alias': 'Bruce Springteen'}, {'sort-name': 'Springsteen, Bruce Frederick Joseph', 'type': 'Legal name', 'begin-date': '1949-09-23', 'alias': 'Bruce Frederick Joseph Springsteen'}]",['00076333277']
285d6aaf-faa1-42e1-a417-49ac8a2b8f3d,,82,Ora Clementi,Ora Clementi,,,,,,,,,,,,,,,,,,,,,,false,,,
7706810b-3b4f-44ea-8d2c-6f7c5e7f064b,Person,82,Emidio Clementi,"Clementi, Emidio",male,,['0000000078518716'],,c6500277-9a3d-349b-bf30-41afdbf42add,Country,Italy,Italy,false,f59492ce-ee63-4b41-b94c-11984ea03f77,Municipality,Ascoli Piceno,Ascoli Piceno,false,,,,,,1967-02-20,,false,IT,,
1f9df192-a621-4f54-8850-2c5373b7eac9,Person,82,Ludwig van Beethoven,"Beethoven, Ludwig van",male,German composer,['0000000121268987'],"[{'count': '19', 'name': 'classical'}, {'count': '8', 'name': 'german'}, {'count': '1', 'name': 'german composer'}, {'count': '-2', 'name': 'production music'}, {'count': '2', 'name': 'opera'}, {'count': '2', 'name': 'piano'}, {'count': '2', 'name': 'pianist'}, {'count': '10', 'name': 'composer'}, {'count': '4', 'name': 'romantic'}, {'count': '1', 'name': 'european'}, {'count': '1', 'name': 'organ'}, {'count': '0', 'name': 'symphony'}, {'count': '1', 'name': 'art song'}, {'count': '1', 'name': 'mass'}, {'count': '1', 'name': 'concerto'}, {'count': '0', 'name': 'lo spirito'}, {'count': '0', 'name': 'reader s'}, {'count': '1', 'name': '32 sonatas'}, {'count': '0', 'name': 'opus 57'}, {'count': '1', 'name': 'masterworks'}, {'count': '1', 'name': 'klavierwerke'}, {'count': '0', 'name': 'piano concerto no. 5'}, {'count': '0', 'name': 'alicia de larrocha'}, {'count': '1', 'name': 'romantic classical'}, {'count': '1', 'name': 'beethoven gardiner'}]",85752fda-13c4-31a3-bee5-0e5cb1f51dad,Country,Germany,Germany,false,b86b7e97-c4e2-4ec2-942b-5a6cd8eea1da,City,Bonn,Bonn,false,afff1a94-a98b-4322-8874-3148139ab6da,City,Wien,Wien,false,1770-12-17,1827-03-26,true,DE,"[{'locale': 'ru', 'sort-name': 'Бетховен, Людвиг ван', 'type': 'Artist name', 'primary': 'primary', 'alias': 'Людвиг ван Бетховен'}, {'locale': 'ru', 'sort-name': 'Beethoven', 'alias': 'Бетховен'}, {'locale': 'ru', 'sort-name': 'Бетховен, Л.', 'type': 'Artist name', 'alias': 'Л. Бетховен'}, {'locale': 'lv', 'sort-name': 'Bēthovens, Ludvigs van', 'type': 'Artist name', 'primary': 'primary', 'alias': 'Ludvigs van Bēthovens'}, {'locale': 'en', 'sort-name': 'Beethoven, L.Van', 'alias': 'L.Van Beethoven'}, {'locale': 'zh_Hant', 'sort-name': 'bèi duō fēn', 'type': 'Artist name', 'primary': 'primary', 'alias': '貝多芬'}, {'locale': 'lv', 'sort-name': 'Bēthovens, L. Van', 'alias': 'L. Van Bēthovens'}, {'sort-name': 'Beethoven', 'type': 'Artist name', 'alias': 'Beethoven'}, {'sort-name': 'Beethoven, Ludvig Von', 'alias': 'Ludvig Von Beethoven'}, {'sort-name': 'Beethoven, Ludwid van', 'alias': 'Ludwid van Beethoven'}, {'sort-name': 'Beethoven, Ludwig', 'alias': 'Ludwig Beethoven'}, {'locale': 'ja', 'sort-name': 'ベートーヴェン', 'type': 'Artist name', 'primary': 'primary', 'alias': 'ベートーヴェン'}, {'sort-name': 'Bethoveen', 'type': 'Search hint', 'alias': 'Bethoveen'}, {'sort-name': 'Beethoven, L. van', 'alias': 'L. van Beethoven'}, {'sort-name': 'Beethoven, Ludwig Von', 'alias': 'Ludwig Von Beethoven'}, {'sort-name': 'Beethoven, Ludwig Van (1770-1827)', 'alias': 'Ludwig Van Beethoven (1770-1827)'}, {'sort-name': 'Beethoven, Ludwig van (1770-1827)', 'alias': 'Beethoven, Ludwig van (1770-1827)'}, {'sort-name': 'Beethoven, Ludwig Van (1770 - 1827)', 'alias': 'Beethoven, Ludwig Van (1770 - 1827)'}, {'sort-name': 'Beethoven, Ludwig Van', 'alias': 'Beethoven, Ludwig Van'}, {'sort-name': 'L v Beethoven', 'alias': 'L v Beethoven'}, {'sort-name': 'bheetoven', 'type': 'Search hint', 'alias': 'bheetoven'}, {'sort-name': 'Beethoven, Ludwig', 'alias': 'Beethoven, Ludwig'}, {'locale': 'ko', 'sort-name': 'Beethoven', 'alias': '베토벤'}, {'sort-name': 'Beethoven, L. Von', 'alias': 'L. Von Beethoven'}, {'sort-name': 'LvB', 'type': 'Search hint', 'alias': 'LvB'}, {'sort-name': 'Beethoven, Ludwig Von', 'alias': 'Beethoven, Ludwig Von'}, {'sort-name': 'Beethoven, Ludvig van', 'alias': 'Ludvig van Beethoven'}, {'sort-name': 'Beethoven _ Ludwig Van', 'alias': 'Beethoven _ Ludwig Van'}, {'sort-name': 'Beethoven, Ludwig van, 1770-1827', 'alias': 'Beethoven, Ludwig van, 1770-1827'}, {'locale': 'en', 'sort-name': 'Beethoven, Ludwig van', 'type': 'Artist name', 'primary': 'primary', 'alias': 'Ludwig van Beethoven'}, {'locale': 'ja', 'sort-name': 'ベートーヴェン ルートヴィヒヴァン', 'type': 'Artist name', 'alias': 'ルートヴィヒ・ヴァン・ベートーヴェン'}]",['00002507239']
6b71ca36-0832-4d36-9ee4-aaf0693db2dc,Person,81,Maria Clementi,"Clementi, Maria",female,pianist,,,c6500277-9a3d-349b-bf30-41afdbf42add,Country,Italy,Italy,false,d793f202-faf0-4de8-83e2-9ddfca54a35f,City,Milano,Milano,false,,,,,,,,false,IT,,
15bcfbce-ec72-43dc-9a1e-c8524fa5ee94,Person,81,Daniel C. Holter,"Holter, Daniel C.",male,,,,,,,,,,,,,,,,,,,,,false,,"[{'sort-name': 'Daniel Holter', 'alias': 'Daniel Holter'}]",
bd8464d0-7810-4e6a-9bea-61e74ec7a4c3,Person,81,Tony Clementi,"Clementi, Tony",male,,,,,,,,,,,,,,,,,,,,,false,,,
469b5cc3-4dd8-4214-95bb-0d911aaa9b07,Group,81,Patrice C. Irving,"Irving, Patrice C.",,,,,,,,,,,,,,,,,,,,,,false,,"[{'sort-name': 'P. C. Irving', 'alias': 'P. C. Irving'}, {'sort-name': 'P.C. Irving', 'alias': 'P.C. Irving'}]",
a0ee9370-f79e-4af4-8ccc-9d89c585e99b,Person,81,Kim Robertson,"Robertson, Kim",female,,,,489ce91b-6658-3307-9877-795b68554c98,Country,United States,United States,false,10cb2ebd-1bc7-4c11-b10d-54f60c421d20,Subdivision,Wisconsin,Wisconsin,false,,,,,,,,false,US,,
02da273b-7276-4eb7-a7b3-c1b8e55970e5,Person,81,Christopher Clementi,"Clementi, Christopher",male,,,,489ce91b-6658-3307-9877-795b68554c98,Country,United States,United States,false,,,,,,,,,,,,,false,US,,
2b2abbfc-a736-44a9-844a-0ac92852954f,Person,81,Rosella Clementi,"Clementi, Rosella",female,,,"[{'count': '1', 'name': 'editor'}]",c6500277-9a3d-349b-bf30-41afdbf42add,Country,Italy,Italy,false,,,,,,,,,,,,,false,IT,,
d5539b60-8fb8-4261-803b-ea7cd6d8924b,Person,81,Jenifer Clementi,"Clementi, Jenifer",female,,,,,,,,,,,,,,,,,,,,,false,,,
79b27eb4-95ab-4f46-b2b7-ab4f7aa53d06,Person,81,Florian Clementi,"Clementi, Florian",male,,,,85752fda-13c4-31a3-bee5-0e5cb1f51dad,Country,Germany,Germany,false,,,,,,,,,,,,,false,DE,,
4f787a79-ebe6-4190-a9b3-e0f32fe611c5,Person,81,Christian Clementi,"Clementi, Christian",male,,,,,,,,,,,,,,,,,,,,,false,,,
3fd2971e-cfdb-491a-8a3b-f05654ac0857,Person,81,Mario Clementi,"Clementi, Mario",,photographer,,,,,,,,,,,,,,,,,,,,false,,,
6b8692cc-2e60-4d47-b4bf-541dc9ca2087,Person,81,Jay Clementi,"Clementi, Jay",,,,,,,,,,,,,,,,,,,,,,false,,,
b050a612-0cdf-47dc-a6a4-0b501a9aedb4,Person,81,Cecilia Clementi,"Clementi, Cecilia",female,,,,,,,,,,,,,,,,,,,,,false,,,
d25d638f-9bd9-4f09-935f-a57e49731272,Person,81,Paolo Clementi,"Clementi, Paolo",male,,,,c6500277-9a3d-349b-bf30-41afdbf42add,Country,Italy,Italy,false,,,,,,,,,,,,,false,IT,,
0dba1485-2e95-42e7-a7cd-2b473095001c,Person,80,Arthur C. Clarke,"Clarke, Arthur C.",male,,['0000000121251034'],"[{'count': '1', 'name': 'english'}, {'count': '1', 'name': 'british'}, {'count': '1', 'name': 'uk'}]",8a754a16-0027-3a29-b6d7-2b40ea0481ed,Country,United Kingdom,United Kingdom,false,28ec90e4-80b5-487e-b32f-fb15871bab08,City,Minehead,Minehead,false,e1b5a7e3-31fd-4ed9-bff8-96cfc044c824,City,Colombo,Colombo,false,1917-12-16,2008-03-19,true,GB,,
41ea2191-00bd-4233-be2f-dc4f602da956,,80,Pleyel-Clementi,Pleyel-Clementi,,,,,,,,,,,,,,,,,,,,,,false,,,
25b509ef-48ad-461b-a0bc-94cdddb8c919,Person,80,Melanie C,"C, Melanie",female,,['0000000080197560'],"[{'count': '0', 'name': 'english'}, {'count': '1', 'name': 'pop'}, {'count': '0', 'name': 'british'}, {'count': '0', 'name': 'pop and chart'}, {'count': '0', 'name': 'uk'}]",8a754a16-0027-3a29-b6d7-2b40ea0481ed,Country,United Kingdom,United Kingdom,false,c46bb59e-b8c4-43fd-a77f-8255755d79de,City,Whiston,Whiston,false,,,,,,1974-01-12,,false,GB,"[{'locale': 'en', 'sort-name': 'C, Mel', 'type': 'Artist name', 'alias': 'Mel C'}, {'locale': 'en', 'sort-name': 'C., Mel', 'type': 'Artist name', 'alias': 'Mel C.'}, {'locale': 'en', 'sort-name': 'C., Melanie', 'type': 'Artist name', 'alias': 'Melanie C.'}, {'locale': 'en', 'sort-name': 'Chisholm, Melanie Jayne', 'type': 'Legal name', 'alias': 'Melanie Jayne Chisholm'}, {'sort-name': 'M. Chisholm', 'type': 'Search hint', 'alias': 'M. Chisholm'}, {'sort-name': 'M. Chrisholm', 'type': 'Search hint', 'alias': 'M. Chrisholm'}, {'sort-name': 'Melanie Chisholm', 'type': 'Search hint', 'alias': 'Melanie Chisholm'}, {'locale': 'en', 'sort-name': 'C, Melanie', 'type': 'Artist name', 'primary': 'primary', 'alias': 'Melanie C'}]","['00260428778', '00262251197']"
125cf7e5-3f24-4cbf-ae8a-558c0220dcd7,Person,79,Alf Robertson,"Robertson, Alf",male,,['000000011488129X'],,23d10872-f5ae-3f0c-bf55-332788a16ecb,Country,Sweden,Sweden,false,8f6c316e-9924-48ea-967b-16757dd82399,City,Gothenburg,Gothenburg,false,c92fe54e-3222-40c2-a65c-60ce773845ce,Municipality,Kungsbacka Municipality,Kungsbacka Municipality,false,1941-06-08,2008-12-24,true,SE,"[{'sort-name': 'Alf Robertsson', 'alias': 'Alf Robertsson'}]",
fad434cc-5fae-411c-918e-096f1adfa37d,Person,78,C. S. Lewis,"Lewis, C. S.",male,,['0000000121235691'],"[{'count': '1', 'name': 'apologetics'}, {'count': '1', 'name': 'has german audiobooks'}]",8a754a16-0027-3a29-b6d7-2b40ea0481ed,Country,United Kingdom,United Kingdom,false,057ce294-2684-46fd-aee1-4d8c6b4bf4ef,Subdivision,Belfast,Belfast,false,33587495-c775-4483-b819-931c4cf438cd,City,Oxford,Oxford,false,1898-11-29,1963-11-22,true,GB,"[{'sort-name': 'Clive Staples Lewis', 'type': 'Legal name', 'alias': 'Clive Staples Lewis'}, {'sort-name': 'C. S. Lewis', 'alias': 'C. S. Lewis'}, {'sort-name': 'CS Lewis', 'alias': 'CS Lewis'}]",
5ff952b9-7562-48b4-a803-d7f49e7b28d6,Person,78,Robertson Dean,Robertson Dean,male,"Narrator, Actor",,,,,,,,,,,,,,,,,,,,false,,,
c9d4f63d-6c2c-47ae-84fe-819001e3d3ea,Group,78,C+C Music Factory,C+C Music Factory,,,['0000000122072599'],"[{'count': '0', 'name': 'pop and chart'}, {'count': '1', 'name': 'dance-pop'}, {'count': '3', 'name': 'hip house'}]",489ce91b-6658-3307-9877-795b68554c98,Country,United States,United States,false,74e50e58-5deb-4b99-93a2-decbb365c07f,City,New York,New York,false,,,,,,1989,,false,US,"[{'sort-name': 'C+ C Music Facory', 'alias': 'C+ C Music Facory'}, {'sort-name': 'C + C', 'alias': 'C + C'}, {'sort-name': 'C&C Music Factory', 'alias': 'C&C Music Factory'}, {'sort-name': 'C+C Music Factory Presenting Freedom Williams', 'alias': 'C+C Music Factory Presenting Freedom Williams'}, {'sort-name': 'C & C Music Factory', 'alias': 'C & C Music Factory'}, {'sort-name': 'C + C Music Factory', 'alias': 'C + C Music Factory'}]",
01809552-4f87-45b0-afff-2c6f0730a3be,Person,78,Elvis Presley,"Presley, Elvis",male,“The King of Rock and Roll”,"['0000000121241960', '0000000368638871']","[{'count': '3', 'name': 'rock'}, {'count': '5', 'name': 'pop'}, {'count': '1', 'name': 'american'}, {'count': '3', 'name': 'blues'}, {'count': '0', 'name': 'singer'}, {'count': '7', 'name': 'rockabilly'}, {'count': '4', 'name': 'country'}, {'count': '0', 'name': 'pop rock'}, {'count': '1', 'name': 'blue-eyed soul'}, {'count': '2', 'name': 'gospel'}, {'count': '2', 'name': 'rock and roll'}, {'count': '0', 'name': 'oldies'}, {'count': '0', 'name': 'love'}, {'count': '-1', 'name': 'classic pop and rock'}, {'count': '0', 'name': 'party'}, {'count': '1', 'name': 'best'}, {'count': '3', 'name': 'christmas music'}, {'count': '2', 'name': 'rock & roll'}, {'count': '-1', 'name': 'pop/rock'}, {'count': '0', 'name': 'flaming'}, {'count': '0', 'name': 'if you talk in your sleep'}, {'count': '1', 'name': 'in the studio'}, {'count': '1', 'name': 'eddie rubin'}]",489ce91b-6658-3307-9877-795b68554c98,Country,United States,United States,false,157e3c0e-1b68-403d-a515-6e37cb67947b,City,Tupelo,Tupelo,false,c2d96f61-75a4-4375-aed5-6aacb0b6326a,City,Memphis,Memphis,false,1935-01-08,1977-08-16,true,US,"[{'locale': 'ru', 'sort-name': 'Пресли, Элвис', 'type': 'Artist name', 'alias': 'Элвис Пресли'}, {'locale': 'tg', 'sort-name': 'Пресли, Элвис', 'type': 'Artist name', 'primary': 'primary', 'alias': 'Элвис Пресли'}, {'locale': 'fa', 'sort-name': 'پرسلی, الویس', 'type': 'Artist name', 'primary': 'primary', 'alias': 'الویس پرسلی'}, {'locale': 'uk', 'sort-name': 'Преслі, Елвіс', 'type': 'Artist name', 'primary': 'primary', 'alias': 'Елвіс Преслі'}, {'locale': 'ar', 'sort-name': 'بريسلي, إلفيس', 'type': 'Artist name', 'primary': 'primary', 'alias': 'إلفيس بريسلي'}, {'locale': 'yue', 'sort-name': '埃爾維斯·皮禮士利', 'type': 'Artist name', 'primary': 'primary', 'alias': '埃爾維斯·皮禮士利'}, {'locale': 'ja', 'sort-name': 'エルヴィス・プレスリー', 'type': 'Artist name', 'primary': 'primary', 'alias': 'エルヴィス・プレスリー'}, {'sort-name': 'The King', 'type': 'Search hint', 'alias': 'The King'}, {'sort-name': 'Presley, Elvis Aaron', 'type': 'Legal name', 'alias': 'Elvis Aaron Presley'}, {'sort-name': 'Presley, Elvis A.', 'alias': 'Elvis A. Presley'}, {'locale': 'en', 'sort-name': 'Elvis', 'type': 'Artist name', 'alias': 'Elvis'}, {'sort-name': 'Presley Elvis', 'alias': 'Presley Elvis'}, {'sort-name': 'The King of Rock and Roll', 'type': 'Search hint', 'alias': 'The King of Rock and Roll'}, {'sort-name': 'Priesley', 'type': 'Search hint', 'alias': 'Priesley'}, {'locale': 'en', 'sort-name': 'Presley, Elvis', 'type': 'Artist name', 'primary': 'primary', 'alias': 'Elvis Presley'}]","['00056021705', '00056021803', '00058226279']"
ad79836d-9849-44df-8789-180bbc823f3c,Person,78,Antonio Vivaldi,"Vivaldi, Antonio",male,,['0000000121299169'],"[{'count': '9', 'name': 'classical'}, {'count': '5', 'name': 'italian'}, {'count': '-1', 'name': 'production music'}, {'count': '1', 'name': 'opera'}, {'count': '6', 'name': 'composer'}, {'count': '6', 'name': 'baroque'}, {'count': '4', 'name': 'european'}, {'count': '1', 'name': 'concerto'}, {'count': '1', 'name': 'wiener akademie'}, {'count': '0', 'name': 'orlado furioso'}, {'count': '1', 'name': 'western classical music'}, {'count': '-1', 'name': 'orlando furioso spinosi'}, {'count': '0', 'name': ""l' olimpiade""}, {'count': '1', 'name': 'italian composer'}, {'count': '0', 'name': 'flute sonata'}, {'count': '1', 'name': 'i grandi concerti'}]",c6500277-9a3d-349b-bf30-41afdbf42add,Country,Italy,Italy,false,a6e08cd9-a712-4152-8808-9485c75e1196,City,Venezia,Venezia,false,afff1a94-a98b-4322-8874-3148139ab6da,City,Wien,Wien,false,1678-03-04,1741-07-28,true,IT,"[{'locale': 'zh_Hans', 'sort-name': '维瓦尔第', 'type': 'Artist name', 'primary': 'primary', 'alias': '维瓦尔第'}, {'locale': 'zh_Hans', 'sort-name': '安东尼奥·维瓦尔第', 'type': 'Artist name', 'alias': '安东尼奥·维瓦尔第'}, {'locale': 'ko', 'sort-name': '비발디', 'alias': '비발디'}, {'sort-name': 'Vivaldi', 'type': 'Artist name', 'alias': 'Vivaldi'}, {'locale': 'en', 'sort-name': 'Vivaldi, A.', 'alias': 'A.Vivaldi'}, {'locale': 'en', 'sort-name': 'Vivaldi, Antonio', 'type': 'Artist name', 'primary': 'primary', 'alias': 'Antonio Vivaldi'}, {'locale': 'ja', 'sort-name': 'ヴィヴァルディ', 'alias': 'ヴィヴァルディ'}, {'locale': 'ru', 'sort-name': 'Вивальди, А.', 'alias': 'А. Вивальди'}, {'sort-name': 'Antonio Vivaldi (1678-1741)', 'alias': 'Antonio Vivaldi (1678-1741)'}, {'sort-name': 'Vivalde', 'alias': 'Vivalde'}, {'sort-name': 'Антонио Вивальди', 'alias': 'Антонио Вивальди'}, {'sort-name': 'Вивальди', 'alias': 'Вивальди'}, {'sort-name': 'Vivaldi, Antonio', 'alias': 'Vivaldi, Antonio'}, {'sort-name': 'Vivalid', 'alias': 'Vivalid'}, {'locale': 'lv', 'sort-name': 'Vivaldi, A.', 'alias': 'A. Vivaldi'}, {'sort-name': 'Vivaldi, Antonio Lucio', 'type': 'Legal name', 'alias': 'Antonio Lucio Vivaldi'}, {'sort-name': 'Vivaldi, Antionio', 'alias': 'Antionio Vivaldi'}, {'sort-name': 'Vivaldi, Anton', 'alias': 'Anton Vivaldi'}]",
27870d47-bb98-42d1-bf2b-c7e972e6befc,Person,78,George Frideric Handel,"Handel, George Frideric",male,German‐British baroque composer,['0000000122759702'],"[{'count': '6', 'name': 'classical'}, {'count': '5', 'name': 'german'}, {'count': '1', 'name': 'orchestral'}, {'count': '2', 'name': 'british'}, {'count': '1', 'name': 'opera'}, {'count': '3', 'name': 'composer'}, {'count': '1', 'name': 'keyboard'}, {'count': '2', 'name': 'baroque'}, {'count': '1', 'name': 'english'}, {'count': '2', 'name': 'oratorio'}, {'count': '1', 'name': 'european'}, {'count': '1', 'name': 'choral'}, {'count': '1', 'name': 'aria'}, {'count': '0', 'name': 'utrecht'}, {'count': '0', 'name': '1976'}, {'count': '1', 'name': 'baroque music'}, {'count': '0', 'name': ""king's college""}, {'count': '0', 'name': 'menuhin'}, {'count': '2', 'name': 'british composer'}, {'count': '1', 'name': 'cantata'}, {'count': '1', 'name': 'opera seria'}]",8a754a16-0027-3a29-b6d7-2b40ea0481ed,Country,United Kingdom,United Kingdom,false,1c432aeb-3b75-4442-ad6b-deaf555ad07e,City,Halle (Saale),Halle (Saale),false,f03d09b3-39dc-4083-afd6-159e3f0d462f,City,London,London,false,1685-02-23,1759-04-14,true,GB,"[{'sort-name': 'George Frederich Handel', 'alias': 'George Frederich Handel'}, {'sort-name': 'G. F. Haendel', 'alias': 'G. F. Haendel'}, {'sort-name': 'hendel', 'alias': 'hendel'}, {'locale': 'fr', 'sort-name': 'Georg Friedrich Haendel', 'type': 'Artist name', 'alias': 'Georg Friedrich Haendel'}, {'sort-name': 'Handel and Messiah', 'alias': 'Handel and Messiah'}, {'sort-name': 'Georg F. Händel', 'alias': 'Georg F. Händel'}, {'sort-name': 'George Friederich Handel', 'alias': 'George Friederich Handel'}, {'sort-name': 'Handel, George Friedrich (1685 - 1759)', 'alias': 'Handel, George Friedrich (1685 - 1759)'}, {'sort-name': 'Haendel, George Friedrich', 'alias': 'George Friedrich Haendel'}, {'sort-name': 'G.F. Handel', 'alias': 'G.F. Handel'}, {'sort-name': 'GF Haendel', 'alias': 'GF Haendel'}, {'sort-name': 'George Friederic Haendel', 'alias': 'George Friederic Haendel'}, {'sort-name': 'George Friedrich Handel', 'alias': 'George Friedrich Handel'}, {'sort-name': 'ヘンデル', 'alias': 'ヘンデル'}, {'sort-name': 'G. F. Händel', 'alias': 'G. F. Händel'}, {'sort-name': 'George Frederic Handel', 'alias': 'George Frederic Handel'}, {'sort-name': 'Georg Friedrich Haendel', 'alias': 'Georg Friedrich Haendel'}, {'sort-name': 'Handel, George Frideric', 'alias': 'Handel, George Frideric'}, {'sort-name': 'Georg Fredrich Handel', 'alias': 'Georg Fredrich Handel'}, {'sort-name': 'Haendel', 'alias': 'Haendel'}, {'sort-name': 'Handel, George Frideric (1685-1759)', 'alias': 'Handel, George Frideric (1685-1759)'}, {'sort-name': 'Handel, G. F.', 'alias': 'Handel, G. F.'}, {'sort-name': 'George Frideric Haendel', 'alias': 'George Frideric Haendel'}, {'sort-name': 'G.F. Haendel', 'alias': 'G.F. Haendel'}, {'sort-name': 'George Friedric Handel', 'alias': 'George Friedric Handel'}, {'sort-name': 'George Frederich Haendel', 'alias': 'George Frederich Haendel'}, {'sort-name': 'George F. Handel', 'alias': 'George F. Handel'}, {'sort-name': 'Händel, Georg Friederich', 'alias': 'Georg Friederich Händel'}, {'sort-name': 'Händel', 'alias': 'Händel'}, {'sort-name': 'Handel', 'type': 'Artist name', 'alias': 'Handel'}, {'locale': 'en', 'sort-name': 'Händel, Georg Friedrich', 'alias': 'Georg Friedrich Händel'}, {'sort-name': 'George Frideric Händel', 'alias': 'George Frideric Händel'}, {'sort-name': 'Georg Friedrich Handel', 'alias': 'Georg Friedrich Handel'}, {'sort-name': 'Hændel', 'type': 'Search hint', 'alias': 'Hændel'}, {'locale': 'lv', 'sort-name': 'Hendelis, Georgs Frīdrihs', 'type': 'Artist name', 'alias': 'Georgs Frīdrihs Hendelis'}, {'sort-name': 'George Frederick Handel', 'alias': 'George Frederick Handel'}, {'sort-name': 'George Friedrich Händel', 'alias': 'George Friedrich Händel'}, {'sort-name': 'G. F. Handel', 'alias': 'G. F. Handel'}, {'sort-name': 'Händel, Georg Friedrich', 'alias': 'Händel, Georg Friedrich'}, {'sort-name': 'George Fredrick Handel', 'alias': 'George Fredrick Handel'}, {'locale': 'ja', 'sort-name': 'ゲオルク・フリードリヒ・ヘンデル', 'type': 'Artist name', 'primary': 'primary', 'alias': 'ゲオルク・フリードリヒ・ヘンデル'}, {'locale': 'fr', 'sort-name': 'Haendel, Georg', 'type': 'Artist name', 'primary': 'primary', 'alias': 'Georg Haendel'}, {'sort-name': 'Georg-Friedrich Händel', 'alias': 'Georg-Friedrich Händel'}, {'sort-name': '헨델', 'alias': '헨델'}, {'sort-name': 'George Handel', 'alias': 'George Handel'}, {'sort-name': 'Handel, Georg Friedrich', 'alias': 'Handel, Georg Friedrich'}, {'locale': 'de', 'sort-name': 'Händel, Georg Friedrich', 'type': 'Legal name', 'primary': 'primary', 'begin-date': '1685-02-23', 'end-date': '1727-01-22', 'alias': 'Georg Friedrich Händel'}, {'locale': 'en', 'sort-name': 'Handel, George Frideric', 'type': 'Legal name', 'primary': 'primary', 'begin-date': '1727-01-22', 'alias': 'George Frideric Handel'}, {'locale': 'da_DK', 'sort-name': 'Händel, Georg Friedrich', 'type': 'Legal name', 'primary': 'primary', 'alias': 'Georg Friedrich Händel'}]","['00013146331', '00239948320']"
5525a89a-1530-4f72-b5b3-4de076ebdb21,Person,78,C. Jérôme,"Jérôme, C.",male,,['0000000079850817'],"[{'count': '1', 'name': 'french'}, {'count': '1', 'name': 'yé-yé'}]",08310658-51eb-3801-80de-5a0739207115,Country,France,France,false,dc10c22b-e510-4006-8b7f-fecb4f36436e,City,Paris,Paris,false,dc10c22b-e510-4006-8b7f-fecb4f36436e,City,Paris,Paris,false,1946-12-21,2000-03-14,true,FR,"[{'sort-name': 'Dhotel, Claude', 'type': 'Legal name', 'alias': 'Claude Dhotel'}, {'sort-name': 'C. Jerôme', 'alias': 'C. Jerôme'}, {'sort-name': 'Charles Jérôme', 'alias': 'Charles Jérôme'}]",
956a81a7-9d65-40ff-a00d-7b25c6f5068c,Person,78,Mark Robertson,"Robertson, Mark",,Production music composer,,,,,,,,,,,,,,,,,,,,false,,,
8d96c304-dd83-422a-987b-9f38196d7086,Group,77,Robertson,Robertson,,blues band led by Mark Robertson,,,71bbafaa-e825-3e15-8ca9-017dcad1748b,Country,Canada,Canada,false,,,,,,,,,,,,,false,CA,,
da28d605-f66a-49a8-9d4a-f857397d57af,Person,76,Jamie Robertson,"Robertson, Jamie",,"sound design, music",,,,,,,,,,,,,,,,,,,,false,,,
72c536dc-7137-4477-a521-567eeb840fa8,Person,76,Bob Dylan,"Dylan, Bob",male,,['0000000121479733'],"[{'count': '6', 'name': 'rock'}, {'count': '4', 'name': 'folk'}, {'count': '1', 'name': 'american'}, {'count': '2', 'name': 'blues'}, {'count': '2', 'name': 'singer-songwriter'}, {'count': '1', 'name': 'country'}, {'count': '7', 'name': 'folk rock'}, {'count': '6', 'name': 'blues rock'}, {'count': '3', 'name': 'country rock'}, {'count': '1', 'name': 'classic rock'}, {'count': '0', 'name': '1980s'}, {'count': '0', 'name': '1990s'}, {'count': '0', 'name': '1970s'}, {'count': '0', 'name': 'icon'}, {'count': '0', 'name': '1960s'}, {'count': '0', 'name': '2000s'}, {'count': '3', 'name': 'pop rock'}, {'count': '3', 'name': 'contemporary folk'}, {'count': '0', 'name': 'classic pop and rock'}, {'count': '0', 'name': 'rare'}, {'count': '-1', 'name': 'siple twist of fate'}, {'count': '-2', 'name': '1 13 165900 150 7672 22647 34612 48720 59280 74602 87545 95495 107182 131087 141522 153710'}, {'count': '-1', 'name': 'teater konsert'}, {'count': '2', 'name': 'singer/songwriter'}, {'count': '0', 'name': 'pop/rock'}, {'count': '-2', 'name': 'dylan bootleg series'}, {'count': '-1', 'name': 'pledging my time'}]",489ce91b-6658-3307-9877-795b68554c98,Country,United States,United States,false,04e60741-b1ae-4078-80bb-ffe8ae643ea7,City,Duluth,Duluth,false,,,,,,1941-05-24,,false,US,"[{'locale': 'ru', 'sort-name': 'Дилан, Боб', 'alias': 'Боб Дилан'}, {'sort-name': 'Landy, Bob', 'alias': 'Bob Landy'}, {'sort-name': 'Wilbury, Boo', 'begin-date': '1990', 'end-date': '1990', 'alias': 'Boo Wilbury'}, {'sort-name': 'Zimmerman, Robert Allen', 'type': 'Legal name', 'alias': 'Robert Allen Zimmerman'}, {'sort-name': 'Bob D', 'type': 'Search hint', 'alias': 'Bob D'}, {'sort-name': 'Dylan', 'alias': 'Dylan'}, {'sort-name': 'Jack Frost', 'type': 'Artist name', 'alias': 'Jack Frost'}, {'sort-name': 'Grunt, Blind Boy', 'type': 'Artist name', 'begin-date': '1962', 'end-date': '1963', 'alias': 'Blind Boy Grunt'}, {'sort-name': 'Bobby Zimmerman', 'alias': 'Bobby Zimmerman'}, {'sort-name': 'Robert Dylan', 'alias': 'Robert Dylan'}, {'sort-name': 'Robert Zimmerman', 'alias': 'Robert Zimmerman'}, {'sort-name': 'DYLYN Bob', 'alias': 'DYLYN Bob'}, {'sort-name': 'Boy Dylan', 'alias': 'Boy Dylan'}, {'sort-name': 'Wilbury, Lucky', 'begin-date': '1988', 'end-date': '1988', 'alias': 'Lucky Wilbury'}, {'locale': 'en', 'sort-name': 'Dylan, Bob', 'type': 'Artist name', 'primary': 'primary', 'alias': 'Bob Dylan'}]","['00008955074', '00008955172']"
569c0d90-28dd-413b-83e4-aaa7c27e667b,Person,76,J. K. Rowling,"Rowling, J. K.",female,English novelist,['000000012148628X'],"[{'count': '0', 'name': 'british'}, {'count': '1', 'name': 'uk'}, {'count': '1', 'name': 'fantasy'}, {'count': '1', 'name': 'audiobook'}, {'count': '0', 'name': 'english'}, {'count': '3', 'name': 'author'}, {'count': '1', 'name': 'deu'}, {'count': '1', 'name': 'non-musician'}, {'count': '1', 'name': 'has german audiobooks'}, {'count': '0', 'name': 'transphobe'}, {'count': '1', 'name': 'terf'}]",8a754a16-0027-3a29-b6d7-2b40ea0481ed,Country,United Kingdom,United Kingdom,false,a208c046-3ecc-4306-98b9-8b4a3bf668b9,City,Yate,Yate,false,,,,,,1965-07-31,,false,GB,"[{'locale': 'de', 'sort-name': 'Rowling, Joanne K.', 'type': 'Artist name', 'primary': 'primary', 'alias': 'Joanne K. Rowling'}, {'locale': 'en', 'sort-name': 'Rowling, Joanne', 'type': 'Legal name', 'alias': 'Joanne Rowling'}, {'locale': 'en', 'sort-name': 'Rowling, Joanne Kathleen', 'type': 'Artist name', 'alias': 'Joanne Kathleen Rowling'}, {'locale': 'ru', 'sort-name': 'Роулинг, Джоан', 'type': 'Legal name', 'primary': 'primary', 'alias': 'Джоан Роулинг'}, {'sort-name': 'J.K.Rowling', 'type': 'Search hint', 'alias': 'J.K.Rowling'}, {'sort-name': 'J. K. Rowling', 'type': 'Artist name', 'alias': 'J. K. Rowling'}, {'sort-name': 'Galbraith, Robert', 'type': 'Artist name', 'alias': 'Robert Galbraith'}]",['00284810160']
9b555560-3e83-41f0-b599-cb5c8d12c2d3,Person,76,Matthew James Robertson,"Robertson, Matthew James",male,production music,,,,,,,,,,,,,,,,,,,,false,,,['00429408940']
c130b0fb-5dce-449d-9f40-1437f889f7fe,Person,75,Joseph Haydn,"Haydn, Joseph",male,composer,['0000000121441049'],"[{'count': '7', 'name': 'classical'}, {'count': '1', 'name': 'opera'}, {'count': '3', 'name': 'austrian'}, {'count': '3', 'name': 'composer'}, {'count': '1', 'name': 'european'}, {'count': '1', 'name': 'symphony'}, {'count': '0', 'name': 'grieg'}, {'count': '1', 'name': 'mass'}, {'count': '1', 'name': 'concerto'}, {'count': '1', 'name': 'classical period'}, {'count': '1', 'name': 'sonata'}, {'count': '1', 'name': 'schöpfung'}, {'count': '0', 'name': 'austrian composer'}, {'count': '-1', 'name': 'bernstein'}, {'count': '1', 'name': '150 cd'}, {'count': '0', 'name': 'haydn: seven last words'}]",caac77d1-a5c8-3e6e-8e27-90b44dcc1446,Country,Austria,Austria,false,cca887f7-eb85-4bf4-9e7d-8faea705082c,Municipality,Rohrau,Rohrau,false,afff1a94-a98b-4322-8874-3148139ab6da,City,Wien,Wien,false,1732-03-31,1809-05-31,true,AT,"[{'sort-name': 'Joseph Haydn (Attributed to Leopold Hoffman)', 'alias': 'Joseph Haydn (Attributed to Leopold Hoffman)'}, {'sort-name': 'Joseph Haydon', 'alias': 'Joseph Haydon'}, {'sort-name': 'ハイドン', 'alias': 'ハイドン'}, {'sort-name': 'Haydn, F. J.', 'type': 'Artist name', 'alias': 'F. J. Haydn'}, {'sort-name': 'Joseph Hayden', 'type': 'Search hint', 'alias': 'Joseph Hayden'}, {'sort-name': 'Joseph Hadyn', 'type': 'Search hint', 'alias': 'Joseph Hadyn'}, {'sort-name': 'J. Haydn', 'type': 'Search hint', 'alias': 'J. Haydn'}, {'sort-name': 'Franz Haydn', 'type': 'Search hint', 'alias': 'Franz Haydn'}, {'sort-name': 'Haydn, Franz Josepf', 'type': 'Artist name', 'alias': 'Franz Josepf Haydn'}, {'sort-name': 'Haydn, F J', 'type': 'Search hint', 'alias': 'Haydn, F J'}, {'sort-name': 'Haydn, Franz Joseph (1732-1809 )', 'type': 'Search hint', 'alias': 'Haydn, Franz Joseph (1732-1809 )'}, {'sort-name': 'Haydn Franz-Joseph', 'alias': 'Franz-Joseph Haydn'}, {'locale': 'ja', 'sort-name': 'フランツ・ヨーゼフ・ハイドン', 'alias': 'フランツ・ヨーゼフ・ハイドン'}, {'sort-name': 'Haynd', 'type': 'Search hint', 'alias': 'Haynd'}, {'sort-name': 'Haydn, Joseph', 'alias': 'Haydn, Joseph'}, {'sort-name': 'Hayd', 'type': 'Search hint', 'alias': 'Hayd'}, {'sort-name': 'Haydn', 'type': 'Artist name', 'alias': 'Haydn'}, {'sort-name': 'Haydn, Franz Joseph', 'type': 'Legal name', 'alias': 'Franz Joseph Haydn'}, {'sort-name': '하이든', 'alias': '하이든'}, {'sort-name': 'Haydn, Franz Josef', 'type': 'Artist name', 'alias': 'Franz Josef Haydn'}]",['00451594840']
5ecc3f72-20a6-47a0-8dc5-fb0b3dadeea0,Group,75,Run‐D.M.C.,Run‐D.M.C.,,,['0000000121576947'],"[{'count': '0', 'name': 'hardcore hip hop'}, {'count': '0', 'name': 'rap'}, {'count': '0', 'name': 'hip-hop'}, {'count': '0', 'name': 'hip house'}, {'count': '0', 'name': 'usa'}, {'count': '0', 'name': 'boom bap'}, {'count': '5', 'name': 'hip hop'}, {'count': '0', 'name': 'rap rock'}, {'count': '0', 'name': 'rock and indie'}, {'count': '4', 'name': 'east coast hip hop'}]",489ce91b-6658-3307-9877-795b68554c98,Country,United States,United States,false,898f4b4a-937c-4a34-834d-a8fb4b368034,City,Hollis,Hollis,false,,,,,,1982,2002-10-30,true,US,"[{'sort-name': 'Run D.M.C.', 'alias': 'Run D.M.C.'}, {'sort-name': 'Run Dmc', 'alias': 'Run Dmc'}, {'sort-name': 'Run-DMC', 'alias': 'Run-DMC'}]",
197450cd-0124-4164-b723-3c22dd16494d,Person,75,Frank Sinatra,"Sinatra, Frank",male,,['0000000108823528'],"[{'count': '2', 'name': 'pop'}, {'count': '7', 'name': 'jazz'}, {'count': '2', 'name': 'vocal'}, {'count': '2', 'name': 'christmas'}, {'count': '4', 'name': 'swing'}, {'count': '2', 'name': 'big band'}, {'count': '1', 'name': 'vocal jazz'}, {'count': '1', 'name': 'columbia'}, {'count': '1', 'name': 'easy listening soundtracks and musicals'}, {'count': '0', 'name': 'garland'}, {'count': '0', 'name': 'chrismas'}, {'count': '1', 'name': 'duets'}, {'count': '0', 'name': 'swing; jazz; big band; christmas'}, {'count': '0', 'name': 'my way'}]",489ce91b-6658-3307-9877-795b68554c98,Country,United States,United States,false,0a61386e-15df-4a38-a1f6-d751e133a1a9,City,Hoboken,Hoboken,false,1f40c6e1-47ba-4e35-996f-fe6ee5840e62,City,Los Angeles,Los Angeles,false,1915-12-12,1998-05-14,true,US,"[{'sort-name': 'Sinatra, Francis Albert', 'type': 'Legal name', 'alias': 'Francis Albert Sinatra'}, {'sort-name': 'Frankie Satin', 'alias': 'Frankie Satin'}, {'locale': 'ja', 'sort-name': 'フランク・シナトラ', 'type': 'Artist name', 'primary': 'primary', 'alias': 'フランク・シナトラ'}, {'sort-name': 'Sinatra Frank', 'alias': 'Sinatra Frank'}, {'sort-name': 'Frank Sinartra', 'alias': 'Frank Sinartra'}]",['00028814966']
9ddd7abc-9e1b-471d-8031-583bc6bc8be9,Person,75,Пётр Ильич Чайковский,"Tchaikovsky, Pyotr Ilyich",male,Tchaikovsky - Russian romantic composer,['0000000121449518'],"[{'count': '9', 'name': 'classical'}, {'count': '4', 'name': 'russian'}, {'count': '3', 'name': 'opera'}, {'count': '4', 'name': 'composer'}, {'count': '1', 'name': 'romantic'}, {'count': '1', 'name': 'european'}, {'count': '0', 'name': '20 48'}, {'count': '1', 'name': 'russian composer'}, {'count': '0', 'name': '60'}, {'count': '1', 'name': 'romantic classical'}]",1f1fc3a4-9500-39b8-9f10-f0a465557eef,Country,Russia,Russia,false,833137fd-12ee-4b44-b64b-9b27b21df17b,City,Votkinsk,Votkinsk,false,808e1ef8-5390-4300-a615-c4df977cc349,City,Sankt-Peterburg,Sankt-Peterburg,false,1840-05-07,1893-11-06,true,RU,"[{'locale': 'ru', 'sort-name': 'Чайковский, Петр Ильич', 'type': 'Artist name', 'alias': 'Петр Ильич Чайковский'}, {'sort-name': 'Tchaikoskvy', 'type': 'Search hint', 'alias': 'Tchaikoskvy'}, {'sort-name': 'Tchaikovskij', 'type': 'Search hint', 'alias': 'Tchaikovskij'}, {'sort-name': ""Pyotr Il'yich Tchaikovsky"", 'alias': ""Pyotr Il'yich Tchaikovsky""}, {'sort-name': 'Iljitsch', 'type': 'Search hint', 'alias': 'Iljitsch'}, {'locale': 'en', 'sort-name': 'Tchaikovsky, Peter', 'type': 'Artist name', 'alias': 'Peter Tchaikovsky'}, {'sort-name': 'Tschaikowski', 'type': 'Search hint', 'alias': 'Tschaikowski'}, {'sort-name': 'Čajkovski', 'type': 'Search hint', 'alias': 'Čajkovski'}, {'sort-name': 'Tschaikovsky', 'type': 'Search hint', 'alias': 'Tschaikovsky'}, {'sort-name': 'Ilitsch', 'type': 'Search hint', 'alias': 'Ilitsch'}, {'sort-name': 'Tschaikowsky', 'type': 'Search hint', 'alias': 'Tschaikowsky'}, {'sort-name': 'Tchaïkovsky', 'type': 'Search hint', 'alias': 'Tchaïkovsky'}, {'locale': 'ja', 'sort-name': 'チャイコフスキー ピョートル', 'type': 'Artist name', 'alias': 'ピョートル・チャイコフスキー'}, {'sort-name': 'Illich', 'type': 'Search hint', 'alias': 'Illich'}, {'sort-name': 'Ciaikosvsky', 'type': 'Search hint', 'alias': 'Ciaikosvsky'}, {'sort-name': 'Ilic', 'type': 'Search hint', 'alias': 'Ilic'}, {'sort-name': 'Tchaikowski', 'type': 'Search hint', 'alias': 'Tchaikowski'}, {'sort-name': 'Pyotor', 'type': 'Search hint', 'alias': 'Pyotor'}, {'sort-name': 'Tchaikovshy', 'type': 'Search hint', 'alias': 'Tchaikovshy'}, {'sort-name': 'Tchaikivsky', 'type': 'Search hint', 'alias': 'Tchaikivsky'}, {'sort-name': 'Tschaikowskij', 'type': 'Search hint', 'alias': 'Tschaikowskij'}, {'sort-name': 'Chaikovsky', 'type': 'Search hint', 'alias': 'Chaikovsky'}, {'sort-name': 'Tchaïkovki', 'type': 'Search hint', 'alias': 'Tchaïkovki'}, {'sort-name': 'Tchaikovisky', 'type': 'Search hint', 'alias': 'Tchaikovisky'}, {'sort-name': 'Ilich', 'type': 'Search hint', 'alias': 'Ilich'}, {'sort-name': 'Tchaikovsky, Pyotr', 'alias': 'Pyotr Tchaikovsky'}, {'sort-name': 'Hich', 'type': 'Search hint', 'alias': 'Hich'}, {'locale': 'fr', 'sort-name': 'Tchaïkovski, Piotr Ilitch', 'type': 'Artist name', 'alias': 'Piotr Ilitch Tchaïkovski'}, {'locale': 'ru', 'sort-name': 'Чайковский, Пётр Ильич', 'type': 'Legal name', 'alias': 'Пётр Ильич Чайковский'}, {'sort-name': 'Tschaikowsky, Peter I.', 'alias': 'Peter I. Tschaikowsky'}, {'sort-name': 'Tchaikovsly', 'type': 'Search hint', 'alias': 'Tchaikovsly'}, {'sort-name': 'Tchaikovski', 'type': 'Search hint', 'alias': 'Tchaikovski'}, {'sort-name': 'Èajkovskij', 'type': 'Search hint', 'alias': 'Èajkovskij'}, {'sort-name': 'Tchaikovskyes', 'type': 'Search hint', 'alias': 'Tchaikovskyes'}, {'sort-name': 'Tchaikovsy', 'type': 'Search hint', 'alias': 'Tchaikovsy'}, {'sort-name': 'Tchakovsky', 'type': 'Search hint', 'alias': 'Tchakovsky'}, {'sort-name': 'Tchaikowsky', 'type': 'Search hint', 'alias': 'Tchaikowsky'}, {'sort-name': 'Tsjaikovsky', 'type': 'Search hint', 'alias': 'Tsjaikovsky'}, {'locale': 'zh', 'sort-name': '彼得·伊里奇·柴科夫斯基', 'type': 'Artist name', 'alias': '彼得·伊里奇·柴科夫斯基'}, {'locale': 'de', 'sort-name': 'Tschaikowsky, Peter', 'type': 'Artist name', 'alias': 'Peter Tschaikowsky'}, {'sort-name': 'Tjakovsky', 'type': 'Search hint', 'alias': 'Tjakovsky'}, {'sort-name': 'Tchiakovsky', 'type': 'Search hint', 'alias': 'Tchiakovsky'}, {'sort-name': ""II'yich"", 'type': 'Search hint', 'alias': ""II'yich""}, {'sort-name': 'Ilyitch', 'type': 'Search hint', 'alias': 'Ilyitch'}, {'sort-name': 'P. Čaikovskis', 'type': 'Search hint', 'alias': 'P. Čaikovskis'}, {'sort-name': 'Txhaikovsky', 'type': 'Search hint', 'alias': 'Txhaikovsky'}, {'sort-name': 'Illyich', 'type': 'Search hint', 'alias': 'Illyich'}, {'sort-name': 'Tchaikovsky', 'type': 'Search hint', 'alias': 'Tchaikovsky'}, {'sort-name': 'Llyich', 'type': 'Search hint', 'alias': 'Llyich'}, {'locale': 'en', 'sort-name': 'Tchaikovsky, Peter Ilyich', 'type': 'Artist name', 'alias': 'Peter Ilyich Tchaikovsky'}, {'sort-name': ""Il'yich"", 'type': 'Search hint', 'alias': ""Il'yich""}, {'sort-name': 'Tchailovisky', 'type': 'Search hint', 'alias': 'Tchailovisky'}, {'sort-name': 'Ciaikovsky', 'type': 'Search hint', 'alias': 'Ciaikovsky'}, {'sort-name': 'Ilych', 'type': 'Search hint', 'alias': 'Ilych'}, {'sort-name': 'Illitch', 'type': 'Search hint', 'alias': 'Illitch'}, {'sort-name': 'Tsjaikovski', 'type': 'Search hint', 'alias': 'Tsjaikovski'}, {'locale': 'lv', 'sort-name': 'Čaikovskis, Pjotrs', 'type': 'Artist name', 'alias': 'Pjotrs Čaikovskis'}, {'sort-name': 'Tsjajkovskij', 'type': 'Search hint', 'alias': 'Tsjajkovskij'}, {'locale': 'lv', 'sort-name': 'Čaikovskis, Pēteris', 'type': 'Artist name', 'primary': 'primary', 'alias': 'Pēteris Čaikovskis'}, {'sort-name': 'Tjakovski', 'type': 'Search hint', 'alias': 'Tjakovski'}, {'sort-name': 'Tchaikovskys', 'type': 'Search hint', 'alias': 'Tchaikovskys'}, {'sort-name': 'Tchikovsky', 'type': 'Search hint', 'alias': 'Tchikovsky'}, {'sort-name': 'Tchaikovsky, Peter Ilich', 'alias': 'Peter Ilich Tchaikovsky'}, {'locale': 'fr', 'sort-name': 'Tchaïkovski, Piotr Ilitch', 'type': 'Legal name', 'primary': 'primary', 'alias': 'Piotr Ilitch Tchaïkovski'}, {'locale': 'pt_PT', 'sort-name': 'Tchaikovski, Piotr Ilyich', 'type': 'Artist name', 'primary': 'primary', 'alias': 'Piotr Ilyich Tchaikovski'}, {'locale': 'ru', 'sort-name': 'Чайковский, Пётр', 'type': 'Artist name', 'primary': 'primary', 'alias': 'Пётр Чайковский'}, {'sort-name': 'Tschaikowsky, Peter Iljitsch', 'alias': 'Peter Iljitsch Tschaikowsky'}, {'locale': 'uk', 'sort-name': 'Чайковський, Петро Ілліч', 'type': 'Artist name', 'primary': 'primary', 'alias': 'Петро Ілліч Чайковський'}, {'locale': 'nb', 'sort-name': 'Pjotr Tsjajkovskij', 'type': 'Artist name', 'primary': 'primary', 'alias': 'Pjotr Tsjajkovskij'}, {'locale': 'nn', 'sort-name': 'Tsjajkovskij, Pjotr', 'type': 'Artist name', 'primary': 'primary', 'alias': 'Pjotr Tsjajkovskij'}, {'locale': 'nl', 'sort-name': 'Tsjaikovski, Pjotr Iljitsj', 'type': 'Artist name', 'primary': 'primary', 'alias': 'Pjotr Iljitsj Tsjaikovski'}, {'locale': 'et', 'sort-name': 'Tšaikovski, Pjotr', 'type': 'Artist name', 'primary': 'primary', 'alias': 'Pjotr Tšaikovski'}, {'locale': 'ko', 'sort-name': '차이콥스키, 표트르 일리치', 'type': 'Artist name', 'primary': 'primary', 'alias': '표트르 일리치 차이콥스키'}, {'locale': 'is', 'sort-name': 'Tsjaíkovskíj, Pjotr Iljitsj', 'type': 'Artist name', 'primary': 'primary', 'alias': 'Pjotr Iljitsj Tsjaíkovskíj'}, {'locale': 'pl', 'sort-name': 'Czajkowski, Piotr', 'type': 'Artist name', 'primary': 'primary', 'alias': 'Piotr Czajkowski'}, {'locale': 'de', 'sort-name': 'Tschaikowski, Pjotr Iljitsch', 'type': 'Artist name', 'primary': 'primary', 'alias': 'Pjotr Iljitsch Tschaikowski'}, {'locale': 'ar', 'sort-name': 'بيتر إليتش تشايكوفسكي', 'type': 'Artist name', 'primary': 'primary', 'alias': 'بيتر إليتش تشايكوفسكي'}, {'locale': 'da', 'sort-name': 'Tjajkovskij, Pjotr Iljitj', 'type': 'Artist name', 'primary': 'primary', 'alias': 'Pjotr Iljitj Tjajkovskij'}, {'locale': 'it', 'sort-name': ""Čajkovskij, Pëtr Il'ič"", 'type': 'Artist name', 'primary': 'primary', 'alias': ""Pëtr Il'ič Čajkovskij""}, {'locale': 'af', 'sort-name': 'Tsjaikofski, Pjotr', 'type': 'Artist name', 'primary': 'primary', 'alias': 'Pjotr Tsjaikofski'}, {'locale': 'tr', 'sort-name': 'Pyotr İlyiç Çaykovski', 'type': 'Artist name', 'primary': 'primary', 'alias': 'Pyotr İlyiç Çaykovski'}, {'locale': 'sv', 'sort-name': 'Tjajkovskij, Pjotr', 'type': 'Artist name', 'primary': 'primary', 'alias': 'Pjotr Tjajkovskij'}, {'locale': 'zh', 'sort-name': '彼得·伊里奇·柴可夫斯基', 'type': 'Artist name', 'primary': 'primary', 'alias': '彼得·伊里奇·柴可夫斯基'}, {'locale': 'fi', 'sort-name': 'Tšaikovski, Pjotr', 'type': 'Artist name', 'primary': 'primary', 'alias': 'Pjotr Tšaikovski'}, {'locale': 'sk', 'sort-name': 'Piotr Iljič Čajkovskij', 'type': 'Artist name', 'primary': 'primary', 'alias': 'Piotr Iljič Čajkovskij'}, {'locale': 'ja', 'sort-name': 'チャイコフスキー', 'type': 'Artist name', 'primary': 'primary', 'alias': 'チャイコフスキー'}, {'locale': 'en', 'sort-name': 'Tchaikovsky, Pyotr Ilyich', 'type': 'Artist name', 'primary': 'primary', 'alias': 'Pyotr Ilyich Tchaikovsky'}]",['00222236411']
e3521d2a-e653-44ab-9e52-a639c50071a9,Person,75,Stanley Robertson,"Robertson, Stanley",male,"Aberdeen, Scotland, UK",['0000000374843329'],,7749e9ec-716b-4197-bd2c-1dd480e9c36a,City,Aberdeen,Aberdeen,false,7749e9ec-716b-4197-bd2c-1dd480e9c36a,City,Aberdeen,Aberdeen,false,7749e9ec-716b-4197-bd2c-1dd480e9c36a,City,Aberdeen,Aberdeen,false,1940-06-08,2009-08-02,true,,,
09ff1fe8-d61c-4b98-bb82-18487c74d7b7,Person,75,Fryderyk Chopin,"Chopin, Fryderyk",male,composer,['0000000121385649'],"[{'count': '1', 'name': 'romantic classical'}, {'count': '5', 'name': 'piano'}, {'count': '1', 'name': '3111-35'}, {'count': '10', 'name': 'classical'}, {'count': '1', 'name': 'ashkenazy'}, {'count': '0', 'name': 'telerama'}, {'count': '0', 'name': 'greatest hits'}, {'count': '5', 'name': 'composer'}, {'count': '1', 'name': 'romantic'}, {'count': '6', 'name': 'polish'}, {'count': '0', 'name': '17'}, {'count': '1', 'name': 'french'}, {'count': '1', 'name': 'european'}, {'count': '1', 'name': 'polish composer'}]",dd7f80c8-f017-3d01-8608-2a8c9c32b954,Country,Poland,Poland,false,c048becb-b883-4f4b-b28c-d0e00a38bd08,City,Żelazowa Wola,Żelazowa Wola,false,dc10c22b-e510-4006-8b7f-fecb4f36436e,City,Paris,Paris,false,1810-02-22,1849-10-17,true,PL,"[{'locale': 'pl', 'sort-name': 'Chopin, Fryderyk Franciszek', 'type': 'Legal name', 'alias': 'Fryderyk Franciszek Chopin'}, {'locale': 'pl', 'sort-name': 'Szopen, Fryderyk', 'alias': 'Fryderyk Szopen'}, {'sort-name': 'Chopin, Frederic', 'alias': 'Chopin, Frederic'}, {'sort-name': 'Chopin, Frederick', 'alias': 'Frederick Chopin'}, {'sort-name': 'Chopin, Frederyk', 'alias': 'Frederyk Chopin'}, {'locale': 'ja', 'sort-name': 'Chopin, Frederic', 'type': 'Artist name', 'primary': 'primary', 'alias': 'フレデリック ショパン'}, {'sort-name': 'Chopin, Fr d ric', 'alias': 'Fr d ric Chopin'}, {'sort-name': 'Chopin, Frederik', 'alias': 'Frederik Chopin'}, {'sort-name': 'Chopain, F.', 'alias': 'F. Chopain'}, {'sort-name': 'Chopin', 'type': 'Artist name', 'alias': 'Chopin'}, {'sort-name': 'Chopin, Frèdèric', 'alias': 'Frèdèric Chopin'}, {'sort-name': 'Chopin, F.', 'alias': 'F. Chopin'}, {'sort-name': 'Chopin, Fredric', 'alias': 'Fredric Chopin'}, {'locale': 'pl', 'sort-name': 'Chopin, Fryderyk', 'type': 'Artist name', 'primary': 'primary', 'alias': 'Fryderyk Chopin'}, {'sort-name': 'Chopin, Frederic Franciszek', 'alias': 'Frederic Franciszek Chopin'}, {'locale': 'ru', 'sort-name': 'Chopin', 'alias': 'Шопен'}, {'sort-name': 'Chopion, Frederic', 'alias': 'Frederic Chopion'}, {'locale': 'fr', 'sort-name': 'Chopin, Frédéric François', 'type': 'Legal name', 'alias': 'Frédéric François Chopin'}, {'sort-name': 'Chopin, Frederic', 'alias': 'Frederic Chopin'}, {'locale': 'ru', 'sort-name': 'Chopin, Frederic', 'type': 'Artist name', 'primary': 'primary', 'alias': 'Фредерик Шопен'}, {'sort-name': 'Chopin, Fredrik', 'alias': 'Fredrik Chopin'}, {'locale': 'uk', 'sort-name': 'Chopin, Fryderyk', 'type': 'Artist name', 'primary': 'primary', 'alias': 'Фридерик Шопен'}, {'locale': 'de', 'sort-name': 'Chopin, Frédéric', 'type': 'Artist name', 'primary': 'primary', 'alias': 'Frédéric Chopin'}, {'locale': 'uk', 'sort-name': 'Chopin, F.', 'type': 'Artist name', 'alias': 'Ф. Шопен'}, {'locale': 'uk', 'sort-name': 'Chopin', 'type': 'Artist name', 'alias': 'Шопен'}, {'locale': 'lv', 'sort-name': 'Šopēns, Frederiks', 'type': 'Artist name', 'primary': 'primary', 'alias': 'Frederiks Šopēns'}, {'locale': 'en', 'sort-name': 'Chopin, Frédéric', 'type': 'Artist name', 'primary': 'primary', 'alias': 'Frédéric Chopin'}, {'locale': 'fr', 'sort-name': 'Chopin, Frédéric', 'type': 'Artist name', 'primary': 'primary', 'alias': 'Frédéric Chopin'}, {'locale': 'ko', 'sort-name': 'Chopin', 'type': 'Artist name', 'alias': '쇼팽'}, {'sort-name': 'Frédéric Chopin (1810-1849)', 'alias': 'Frédéric Chopin (1810-1849)'}, {'locale': 'uk', 'sort-name': 'Chopin, Fryderyk Franciszek', 'type': 'Legal name', 'alias': 'Фридерик Франсуа Шопен'}, {'locale': 'ko', 'sort-name': '프레데리크 쇼팽', 'type': 'Artist name', 'primary': 'primary', 'alias': '프레데리크 쇼팽'}]",['00006098201']
89ce73f9-f0ca-478b-a85e-197145837965,Group,74,C-CLAYS,C-CLAYS,,,,"[{'count': '2', 'name': 'doujin'}, {'count': '2', 'name': 'touhou'}, {'count': '1', 'name': '同人'}, {'count': '2', 'name': 'doujin circle'}, {'count': '1', 'name': '東方project'}, {'count': '1', 'name': '同人サークル'}]",2db42837-c832-3c27-b4a3-08198f75693c,Country,Japan,Japan,false,,,,,,,,,,,2004-09-01,,false,JP,"[{'locale': 'ja', 'sort-name': 'シイクレイス', 'type': 'Artist name', 'primary': 'primary', 'alias': 'C-CLAYS'}]",
65242832-d4f3-4f20-8d47-2101785a9b53,Person,74,David Robertson,"Robertson, David",male,American conductor,['0000000119308564'],,489ce91b-6658-3307-9877-795b68554c98,Country,United States,United States,false,fb0c4113-d177-4f3f-be56-4fa05d4807b9,City,Malibu,Malibu,false,,,,,,1958-07-19,,false,US,,
c70d12a2-24fe-4f83-a6e6-57d84f8efb51,Person,74,Johannes Brahms,"Brahms, Johannes",male,German composer,['0000000121195925'],"[{'count': '5', 'name': 'classical'}, {'count': '3', 'name': 'german'}, {'count': '1', 'name': 'german composer'}, {'count': '-1', 'name': 'production music'}, {'count': '3', 'name': 'composer'}, {'count': '1', 'name': 'romantic'}, {'count': '2', 'name': 'european'}, {'count': '1', 'name': 'symphony'}, {'count': '1', 'name': 'art song'}, {'count': '1', 'name': 'concerto'}, {'count': '0', 'name': 'brahms solti requiem'}, {'count': '1', 'name': 'piano sonata'}, {'count': '1', 'name': 'romantic classical'}]",85752fda-13c4-31a3-bee5-0e5cb1f51dad,Country,Germany,Germany,false,11a44e18-a2e5-43a9-bee9-aa4f7c83f967,City,Hamburg,Hamburg,false,afff1a94-a98b-4322-8874-3148139ab6da,City,Wien,Wien,false,1833-05-07,1897-04-03,true,DE,"[{'locale': 'ru', 'sort-name': 'Brahms, Johannes', 'type': 'Artist name', 'primary': 'primary', 'alias': 'Иоганнес Брамс'}, {'sort-name': 'Brahms, J.', 'type': 'Artist name', 'alias': 'J. Brahms'}, {'sort-name': 'Brahms', 'type': 'Artist name', 'alias': 'Brahms'}, {'sort-name': 'ヨハネス・ブラームス', 'alias': 'ヨハネス・ブラームス'}, {'sort-name': 'Brahms Johannes', 'type': 'Search hint', 'alias': 'Brahms Johannes'}, {'sort-name': '約翰尼斯·布拉姆斯', 'alias': '約翰尼斯·布拉姆斯'}, {'sort-name': '브람스', 'alias': '브람스'}, {'sort-name': '約翰內斯·布拉姆斯', 'alias': '約翰內斯·布拉姆斯'}, {'sort-name': '布拉姆斯', 'alias': '布拉姆斯'}, {'sort-name': 'Brahms, Johannes (1833 - 1897)', 'type': 'Search hint', 'alias': 'Brahms, Johannes (1833 - 1897)'}, {'sort-name': '约翰内斯·布拉姆斯', 'alias': '约翰内斯·布拉姆斯'}, {'sort-name': '约翰内斯·勃拉姆斯', 'alias': '约翰内斯·勃拉姆斯'}, {'sort-name': 'Johanness Brāmss', 'alias': 'Johanness Brāmss'}, {'sort-name': 'J Brahm', 'type': 'Search hint', 'alias': 'J Brahm'}, {'sort-name': 'Brahams', 'type': 'Search hint', 'alias': 'Brahams'}, {'sort-name': 'Johannes Brahm', 'type': 'Search hint', 'alias': 'Johannes Brahm'}, {'locale': 'en', 'sort-name': 'Brahms, Johannes', 'type': 'Artist name', 'primary': 'primary', 'alias': 'Johannes Brahms'}]",['00004028731']
d2391f14-fc1a-43d0-b06c-46dcf615c06f,Person,74,T. C. Pfeiler,"Pfeiler, T. C.",male,,,"[{'count': '1', 'name': 'jazz'}, {'count': '1', 'name': 'easy listening'}, {'count': '1', 'name': 'lounge'}]",caac77d1-a5c8-3e6e-8e27-90b44dcc1446,Country,Austria,Austria,false,f0590317-8b42-4498-a2e4-34cc5562fcf8,City,Salzburg,Salzburg,false,,,,,,1958-01-01,,false,AT,,
4546ce47-a071-42eb-b254-737ba0328a1b,Person,74,Jeannie Robertson,"Robertson, Jeannie",female,folk singer,,,6fa1c7da-6689-4cec-85f9-680f853e8a08,Subdivision,Scotland,Scotland,false,7749e9ec-716b-4197-bd2c-1dd480e9c36a,City,Aberdeen,Aberdeen,false,,,,,,1908,1975-03-13,true,,"[{'locale': 'en_GB', 'sort-name': 'Higgins, Jeannie', 'type': 'Legal name', 'alias': 'Jeannie Higgins'}, {'locale': 'en_GB', 'sort-name': 'Stewart, Regina Christina', 'alias': 'Regina Christina Stewart'}, {'sort-name': 'McBeath, Jeannie', 'alias': 'Jeannie McBeath'}, {'locale': 'en_GB', 'sort-name': 'Robertson, Christina Jane', 'alias': 'Christina Jane Robertson'}]",
f91e3a88-24ee-4563-8963-fab73d2765ed,Person,74,Franz Schubert,"Schubert, Franz",male,composer,['0000000120958492'],"[{'count': '6', 'name': 'classical'}, {'count': '1', 'name': 'romantic'}, {'count': '3', 'name': 'austrian'}, {'count': '2', 'name': 'austrian composer'}, {'count': '0', 'name': 'death'}, {'count': '0', 'name': 'german'}, {'count': '0', 'name': 'piano'}, {'count': '0', 'name': 'amadeus quartet & emil gilels'}, {'count': '3', 'name': 'composer'}, {'count': '1', 'name': 'european'}, {'count': '2', 'name': 'romantic classical'}]",caac77d1-a5c8-3e6e-8e27-90b44dcc1446,Country,Austria,Austria,false,b49e74af-e7b6-44d2-ae4a-dea6fbb55008,District,Alsergrund,Alsergrund,false,afff1a94-a98b-4322-8874-3148139ab6da,City,Wien,Wien,false,1797-01-31,1828-11-19,true,AT,"[{'sort-name': 'scubert', 'type': 'Search hint', 'alias': 'scubert'}, {'locale': 'en', 'sort-name': 'Schubert, Franz', 'type': 'Artist name', 'primary': 'primary', 'alias': 'Franz Schubert'}, {'sort-name': 'Schubert, F', 'type': 'Search hint', 'alias': 'Schubert, F'}, {'sort-name': 'Schubert, Franze', 'type': 'Artist name', 'alias': 'Franze Schubert'}, {'locale': 'ko', 'sort-name': '프란츠 슈베르트', 'type': 'Artist name', 'primary': 'primary', 'alias': '프란츠 슈베르트'}, {'sort-name': 'Franz Schubert (1797-1828)', 'type': 'Search hint', 'alias': 'Franz Schubert (1797-1828)'}, {'locale': 'lv', 'sort-name': 'Šūberts, Francis', 'type': 'Artist name', 'primary': 'primary', 'alias': 'Francis Šūberts'}, {'sort-name': 'Schubert, Franz', 'alias': 'Schubert'}, {'locale': 'ja', 'sort-name': 'フランツ・シューベルト', 'type': 'Artist name', 'primary': 'primary', 'alias': 'フランツ・シューベルト'}, {'sort-name': 'f Schubert', 'type': 'Search hint', 'alias': 'f Schubert'}, {'locale': 'ru', 'sort-name': 'Шуберт, Франц', 'type': 'Artist name', 'primary': 'primary', 'alias': 'Франц Шуберт'}, {'locale': 'en', 'sort-name': 'Schubert, Franz Peter', 'type': 'Legal name', 'alias': 'Franz Peter Schubert'}, {'locale': 'ja', 'sort-name': 'シューベルト', 'type': 'Artist name', 'alias': 'シューベルト'}, {'sort-name': 'F. Shubert', 'type': 'Search hint', 'alias': 'F. Shubert'}, {'sort-name': 'Schhubert', 'alias': 'Schhubert'}, {'locale': 'lv', 'sort-name': 'Šūberts, F.', 'alias': 'F. Šūberts'}, {'sort-name': 'f Scubert', 'type': 'Search hint', 'alias': 'f Scubert'}, {'locale': 'ko', 'sort-name': '슈베르트', 'type': 'Artist name', 'alias': '슈베르트'}, {'sort-name': 'Shubert', 'type': 'Search hint', 'alias': 'Shubert'}, {'locale': 'lv', 'sort-name': 'Šūberts, F.', 'alias': 'F.Šūberts'}, {'sort-name': 'Franz Shubert', 'type': 'Search hint', 'alias': 'Franz Shubert'}, {'locale': 'ja', 'sort-name': 'フランツ・ペーター・シューベルト', 'type': 'Artist name', 'alias': 'フランツ・ペーター・シューベルト'}, {'sort-name': 'Franz Schubert (Zacharias)', 'type': 'Search hint', 'alias': 'Franz Schubert (Zacharias)'}, {'sort-name': 'Schubert, Franz (1797-1828)', 'type': 'Search hint', 'alias': 'Schubert, Franz (1797-1828)'}]",['00028072890']
a16e47f5-aa54-47fe-87e4-bb8af91a9fdd,Person,74,Ennio Morricone,"Morricone, Ennio",male,Italian classical and score composer,"['0000000121225602', '0000000368638409', '0000000368638417']","[{'count': '4', 'name': 'soundtrack'}, {'count': '2', 'name': 'classical'}, {'count': '0', 'name': 'orchestral'}, {'count': '3', 'name': 'italian'}, {'count': '1', 'name': 'soundtrack composer'}, {'count': '0', 'name': 'score'}, {'count': '2', 'name': 'composer'}, {'count': '-1', 'name': 'lounge'}, {'count': '1', 'name': 'film score'}, {'count': '1', 'name': 'european'}, {'count': '1', 'name': 'film soundtrack'}, {'count': '1', 'name': 'easy listening soundtracks and musicals'}, {'count': '1', 'name': 'film composer'}, {'count': '1', 'name': 'soundtracks'}, {'count': '4', 'name': 'modern classical'}, {'count': '-1', 'name': 'library music'}, {'count': '1', 'name': 'spaghetti western'}, {'count': '-1', 'name': 'gui la testa'}, {'count': '1', 'name': 'television music'}, {'count': '1', 'name': 'television composer'}, {'count': '0', 'name': 'the scarlet and the black'}, {'count': '0', 'name': '72 meters'}, {'count': '1', 'name': '2008 universal fire victim'}]",c6500277-9a3d-349b-bf30-41afdbf42add,Country,Italy,Italy,false,dccd77b2-bd3d-49eb-a98f-fd58e87f481e,City,Roma,Roma,false,dccd77b2-bd3d-49eb-a98f-fd58e87f481e,City,Roma,Roma,false,1928-11-10,2020-07-06,true,IT,"[{'sort-name': 'Dansavio', 'alias': 'Dansavio'}, {'sort-name': 'Maestro Ennio Morricone', 'type': 'Search hint', 'alias': 'Maestro Ennio Morricone'}, {'sort-name': 'Leo Nicols', 'type': 'Search hint', 'alias': 'Leo Nicols'}, {'sort-name': 'Ennio Marricone', 'type': 'Search hint', 'alias': 'Ennio Marricone'}, {'sort-name': 'Leo Nicholls', 'type': 'Search hint', 'alias': 'Leo Nicholls'}, {'sort-name': 'Ennio Morricono', 'type': 'Search hint', 'alias': 'Ennio Morricono'}, {'sort-name': 'Dan Savvio', 'type': 'Search hint', 'alias': 'Dan Savvio'}, {'sort-name': 'Enio Morricone', 'type': 'Search hint', 'alias': 'Enio Morricone'}, {'sort-name': 'Leon Nichols', 'type': 'Search hint', 'alias': 'Leon Nichols'}, {'sort-name': 'Leo Nichol', 'type': 'Search hint', 'alias': 'Leo Nichol'}, {'sort-name': 'Dann Savio', 'type': 'Search hint', 'alias': 'Dann Savio'}, {'sort-name': 'Dan Sawio', 'type': 'Search hint', 'alias': 'Dan Sawio'}, {'sort-name': 'Dan Savvo', 'type': 'Search hint', 'alias': 'Dan Savvo'}, {'sort-name': 'Leo Nickols', 'type': 'Search hint', 'alias': 'Leo Nickols'}, {'sort-name': 'Leo Nicchols', 'type': 'Search hint', 'alias': 'Leo Nicchols'}, {'sort-name': 'Enno Morricone', 'type': 'Search hint', 'alias': 'Enno Morricone'}, {'sort-name': 'E. Moriccone', 'type': 'Search hint', 'alias': 'E. Moriccone'}, {'sort-name': 'Ennio Moricone', 'type': 'Search hint', 'alias': 'Ennio Moricone'}, {'sort-name': 'Ennio Mozzicone', 'type': 'Search hint', 'alias': 'Ennio Mozzicone'}, {'sort-name': 'Dan Saivo', 'type': 'Search hint', 'alias': 'Dan Saivo'}, {'sort-name': 'Dan Savo', 'type': 'Search hint', 'alias': 'Dan Savo'}, {'sort-name': 'Den Savio', 'type': 'Search hint', 'alias': 'Den Savio'}, {'sort-name': 'Don Savio', 'type': 'Search hint', 'alias': 'Don Savio'}, {'sort-name': 'Ennio Marcone', 'type': 'Search hint', 'alias': 'Ennio Marcone'}, {'sort-name': 'Ennio Morricone Orchestra', 'type': 'Search hint', 'alias': 'Ennio Morricone Orchestra'}, {'sort-name': 'Savio, Dan', 'type': 'Artist name', 'alias': 'Dan Savio'}, {'sort-name': 'Nichols, Leo', 'type': 'Artist name', 'alias': 'Leo Nichols'}, {'sort-name': 'Morricone', 'type': 'Search hint', 'alias': 'Morricone'}, {'sort-name': 'Enrico Morricone', 'type': 'Search hint', 'alias': 'Enrico Morricone'}, {'sort-name': 'Ennio Morriconne', 'type': 'Search hint', 'alias': 'Ennio Morriconne'}, {'sort-name': 'Morricone, Ennio', 'type': 'Legal name', 'alias': 'Ennio Morricone'}, {'locale': 'ja', 'sort-name': 'エンニオ・モリコーネ', 'type': 'Artist name', 'primary': 'primary', 'alias': 'エンニオ・モリコーネ'}, {'sort-name': 'E.Morricone', 'type': 'Search hint', 'alias': 'E.Morricone'}, {'sort-name': 'Ernio Morricone', 'type': 'Search hint', 'alias': 'Ernio Morricone'}, {'sort-name': 'Enio Moricone', 'type': 'Search hint', 'alias': 'Enio Moricone'}]",['00021552128']
0231c8cb-75f2-4f38-bfda-2f96f3abc26b,Person,74,C‐Bo,C‐Bo,male,,,"[{'count': '2', 'name': 'hip hop'}]",489ce91b-6658-3307-9877-795b68554c98,Country,United States,United States,false,21879fba-fe4e-4dbc-99e8-cad9142e5618,City,Sacramento,Sacramento,false,,,,,,1971-01-14,,false,US,"[{'sort-name': 'Thomas, Shawn', 'type': 'Legal name', 'alias': 'Shawn Thomas'}]",
daf06c03-68bc-4619-80e1-519b5fc67424,Person,74,Joanne Robertson,"Robertson, Joanne",female,,,,8a754a16-0027-3a29-b6d7-2b40ea0481ed,Country,United Kingdom,United Kingdom,false,,,,,,,,,,,,,false,GB,,
fb8a77a6-1abc-4d3d-a35e-6fd326399407,Person,74,Eric Robertson,"Robertson, Eric",male,,['0000000119496243'],,71bbafaa-e825-3e15-8ca9-017dcad1748b,Country,Canada,Canada,false,6658f787-692d-417f-852c-dcca728d5849,City,Edinburgh,Edinburgh,false,,,,,,1948-04-06,,false,CA,"[{'sort-name': 'Robertson, Eric Nathan', 'type': 'Legal name', 'alias': 'Eric Nathan Robertson'}]",
68cf6c82-85b3-4e09-9380-fc1ac7207a94,Person,74,Matt Robertson,"Robertson, Matt",male,"British-born, Canadian-based, electronic music producer",,,71bbafaa-e825-3e15-8ca9-017dcad1748b,Country,Canada,Canada,false,8a754a16-0027-3a29-b6d7-2b40ea0481ed,Country,United Kingdom,United Kingdom,false,,,,,,,,false,CA,,
a79abf27-a462-4125-96c1-826c67cb9c0c,Person,74,T. C. Boyle,"Boyle, T. C.",male,"novelist, short story writer",['0000000120172369'],"[{'count': '1', 'name': 'has german audiobooks'}, {'count': '1', 'name': 'audio drama'}, {'count': '1', 'name': 'audiobook'}, {'count': '1', 'name': 'has german audio plays'}]",489ce91b-6658-3307-9877-795b68554c98,Country,United States,United States,false,f37085b4-fd9b-4f69-9d2e-88da0cadf776,City,Peekskill,Peekskill,false,,,,,,1948-12-02,,false,US,"[{'sort-name': 'Boyle, T. Coraghessan', 'alias': 'T. Coraghessan Boyle'}, {'sort-name': 'Boyle, Thomas John', 'alias': 'Thomas John Boyle'}, {'sort-name': 'Boyle, Thomas Coraghessan', 'alias': 'Thomas Coraghessan Boyle'}, {'sort-name': 'Boyle, Tom Coraghessan', 'alias': 'Tom Coraghessan Boyle'}]",
d43d12a1-2dc9-4257-a2fd-0a3bb1081b86,Person,74,Johnny Cash,"Cash, Johnny",male,country music legend,['0000000108823456'],"[{'count': '2', 'name': 'rock'}, {'count': '6', 'name': 'folk'}, {'count': '1', 'name': 'american'}, {'count': '4', 'name': 'blues'}, {'count': '2', 'name': 'singer-songwriter'}, {'count': '5', 'name': 'rockabilly'}, {'count': '18', 'name': 'country'}, {'count': '5', 'name': 'americana'}, {'count': '1', 'name': 'classic rock'}, {'count': '1', 'name': 'spoken word'}, {'count': '2', 'name': 'contemporary folk'}, {'count': '3', 'name': 'gospel'}, {'count': '2', 'name': 'rock and roll'}, {'count': '4', 'name': 'outlaw country'}, {'count': '1', 'name': 'traditional folk'}, {'count': '2', 'name': 'traditional country'}, {'count': '0', 'name': 'favorite'}, {'count': '1', 'name': 'classic country'}, {'count': '-1', 'name': 'death by diabetes'}, {'count': '3', 'name': 'country gospel'}, {'count': '1', 'name': 'little'}, {'count': '0', 'name': 'cowboy'}, {'count': '0', 'name': 'osteraker'}, {'count': '0', 'name': 'johnny cash rock island'}, {'count': '1', 'name': 'arkansas country'}]",489ce91b-6658-3307-9877-795b68554c98,Country,United States,United States,false,7f8e9d30-1e5f-48aa-8d12-8f8dcd178461,City,Kingsland,Kingsland,false,e68879f9-bd95-41ff-96ba-c082ff37cc74,City,Nashville,Nashville,false,1932-02-26,2003-09-12,true,US,"[{'sort-name': 'Johhny Cash', 'alias': 'Johhny Cash'}, {'sort-name': 'Jonny Cash', 'alias': 'Jonny Cash'}, {'sort-name': 'Cash, J. R.', 'type': 'Legal name', 'alias': 'J. R. Cash'}, {'sort-name': 'Cash, John R.', 'type': 'Artist name', 'alias': 'John R. Cash'}]",['00005462217']
7a9f7b4f-a661-4395-85c7-0eacc5311680,Person,74,Simon Robertson,"Robertson, Simon",male,,,,8a754a16-0027-3a29-b6d7-2b40ea0481ed,Country,United Kingdom,United Kingdom,false,,,,,,,,,,,,,false,GB,,
4a3e0b0f-3668-4796-8a06-6a7b2f2952c3,Person,74,[c_c],[c_c],male,"French-born, Brussels based electronic artist Eduardo Ribuyo",,"[{'count': '1', 'name': 'sillyname'}]",7bda5d46-4809-41dc-a0b8-e889ff818f2e,City,Brussels,Brussels,false,08310658-51eb-3801-80de-5a0739207115,Country,France,France,false,,,,,,,,false,,"[{'sort-name': 'Ribuyo, Eduardo', 'type': 'Legal name', 'alias': 'Eduardo Ribuyo'}]",
9b88ef99-248e-41ad-90a1-8c1e277ac7bf,Group,74,Clementi-Trio Köln,Clementi-Trio Köln,,,['0000000106700786'],,,,,,,,,,,,,,,,,,,false,,"[{'sort-name': 'Clementi-Trio Cologne', 'alias': 'Clementi-Trio Cologne'}]",
eea8a864-fcda-4602-9569-38ab446decd6,Person,73,Louis Armstrong,"Armstrong, Louis",male,,['0000000110198071'],"[{'count': '1', 'name': 'pop'}, {'count': '9', 'name': 'jazz'}, {'count': '0', 'name': 'american'}, {'count': '3', 'name': 'swing'}, {'count': '2', 'name': 'gospel'}, {'count': '3', 'name': 'vocal jazz'}, {'count': '4', 'name': 'dixieland'}, {'count': '0', 'name': 'classic pop and rock'}, {'count': '2', 'name': 'traditional pop'}, {'count': '0', 'name': 'sm'}, {'count': '-1', 'name': 'death by heart attack'}, {'count': '0', 'name': 'aa0003000'}, {'count': '1', 'name': '2008 universal fire victim'}]",489ce91b-6658-3307-9877-795b68554c98,Country,United States,United States,false,3c5a0506-d852-4e96-8d1e-d8126328f3be,City,New Orleans,New Orleans,false,fb3ad447-5b4a-4b47-b7a8-fbd73e9689e5,District,Corona,Corona,false,1901-08-04,1971-07-06,true,US,"[{'locale': 'en', 'sort-name': 'Armstrong', 'alias': 'Armstrong'}, {'sort-name': 'Armstrong, Louis and His Friends', 'alias': 'Louis Armstrong and His Friends'}, {'sort-name': 'Armstrong, Louis Daniel', 'type': 'Legal name', 'alias': 'Louis Daniel Armstrong'}, {'sort-name': 'Loius Armstrong', 'alias': 'Loius Armstrong'}, {'sort-name': 'Louis Armstrong with The Commanders', 'alias': 'Louis Armstrong with The Commanders'}, {'sort-name': 'Louise Armstrong', 'alias': 'Louise Armstrong'}, {'sort-name': 'Loouis Aemstrong', 'alias': 'Loouis Aemstrong'}, {'sort-name': 'Louis Arnstrong', 'alias': 'Louis Arnstrong'}, {'sort-name': 'Louis Armostrong', 'alias': 'Louis Armostrong'}, {'sort-name': 'Luis Armstrong', 'alias': 'Luis Armstrong'}, {'sort-name': 'Louis Amstrong', 'alias': 'Louis Amstrong'}, {'sort-name': 'Armstrong Louis', 'alias': 'Armstrong Louis'}, {'sort-name': 'Louie Armstrong', 'alias': 'Louie Armstrong'}, {'sort-name': 'Armstrong, Louis', 'alias': 'Armstrong, Louis'}, {'sort-name': 'Armstrong, Louis (Satchmo)', 'alias': 'Armstrong, Louis (Satchmo)'}, {'sort-name': 'Louis Armstrong: Satchmo', 'alias': 'Louis Armstrong: Satchmo'}, {'sort-name': 'Armstrong, Louis & The Commanders', 'alias': 'Louis Armstrong & The Commanders'}, {'locale': 'ja', 'sort-name': 'ルイ・アームストロング', 'type': 'Artist name', 'alias': 'ルイ・アームストロング'}]",['00001334546']
289fe042-5496-4666-9d6b-cbc80efa9faa,Person,73,Sherman Robertson,"Robertson, Sherman",male,,,,489ce91b-6658-3307-9877-795b68554c98,Country,United States,United States,false,,,,,,,,,,,1948-10-27,,false,US,,
5441c29d-3602-4898-b1a1-b77fa23b8e50,Person,73,David Bowie,"Bowie, David",male,,"['0000000114448576', '0000000458257298']","[{'count': '3', 'name': 'rock'}, {'count': '5', 'name': 'pop'}, {'count': '3', 'name': 'alternative rock'}, {'count': '0', 'name': 'experimental'}, {'count': '3', 'name': 'british'}, {'count': '1', 'name': 'singer-songwriter'}, {'count': '3', 'name': 'uk'}, {'count': '0', 'name': 'britannique'}, {'count': '2', 'name': 'soul'}, {'count': '11', 'name': 'glam rock'}, {'count': '13', 'name': 'art rock'}, {'count': '2', 'name': 'psychedelic pop'}, {'count': '2', 'name': 'experimental rock'}, {'count': '1', 'name': 'pop rock'}, {'count': '2', 'name': 'blue-eyed soul'}, {'count': '0', 'name': 'english'}, {'count': '0', 'name': 'classic pop and rock'}, {'count': '1', 'name': 'post-disco'}, {'count': '1', 'name': 'death by liver cancer'}, {'count': '0', 'name': 'pop/rock'}, {'count': '2', 'name': 'art pop'}, {'count': '0', 'name': 'server name'}, {'count': '0', 'name': 'killed by 2016!'}]",9d5dd675-3cf4-4296-9e39-67865ebee758,Subdivision,England,England,false,61941444-5a83-43e2-ba48-4db7438e0f26,District,Brixton,Brixton,false,74e50e58-5deb-4b99-93a2-decbb365c07f,City,New York,New York,false,1947-01-08,2016-01-10,true,,"[{'sort-name': 'Jones, Davy', 'type': 'Artist name', 'end-date': '1965', 'alias': 'Davy Jones'}, {'sort-name': 'Ziggy Stardust', 'alias': 'Ziggy Stardust'}, {'sort-name': 'David Jones', 'type': 'Search hint', 'alias': 'David Jones'}, {'sort-name': 'Jones, David Robert', 'type': 'Legal name', 'alias': 'David Robert Jones'}, {'locale': 'ja', 'sort-name': 'デビッド・ボウイ', 'alias': 'デビッド・ボウイ'}, {'sort-name': 'Bowie', 'alias': 'Bowie'}, {'sort-name': 'Davie Bowie', 'alias': 'Davie Bowie'}, {'sort-name': 'The Thin White Duke', 'alias': 'The Thin White Duke'}, {'locale': 'ja', 'sort-name': 'デヴィッド・ボウイ', 'alias': 'デヴィッド・ボウイ'}, {'sort-name': '데이비드 보위', 'type': 'Search hint', 'alias': '데이비드 보위'}, {'sort-name': 'Дэвид Боуи', 'type': 'Search hint', 'alias': 'Дэвид Боуи'}, {'sort-name': 'Davis Bowie', 'alias': 'Davis Bowie'}]","['00003960406', '00015471209']"
f1bedf1f-4445-4651-9c35-f4a3f3860a13,Person,73,Giuseppe Verdi,"Verdi, Giuseppe",male,Italian opera composer,['0000000120957510'],"[{'count': '3', 'name': 'classical'}, {'count': '3', 'name': 'italian'}, {'count': '-1', 'name': 'production music'}, {'count': '5', 'name': 'opera'}, {'count': '2', 'name': 'composer'}, {'count': '1', 'name': 'european'}]",c6500277-9a3d-349b-bf30-41afdbf42add,Country,Italy,Italy,false,53ef3e36-f288-4ef5-b4cf-1725f7fc77d4,City,Le Roncole,Le Roncole,false,d793f202-faf0-4de8-83e2-9ddfca54a35f,City,Milano,Milano,false,1813-10-10,1901-01-27,true,IT,"[{'sort-name': 'Giseppe Verdi', 'type': 'Search hint', 'alias': 'Giseppe Verdi'}, {'sort-name': 'Giusseppe Verdi', 'type': 'Search hint', 'alias': 'Giusseppe Verdi'}, {'sort-name': 'Guiseppe Verdi', 'type': 'Search hint', 'alias': 'Guiseppe Verdi'}, {'locale': 'ja', 'sort-name': 'ジュゼッペ・ヴェルディ', 'alias': 'ジュゼッペ・ヴェルディ'}, {'locale': 'ja', 'sort-name': 'ヴェルディ', 'alias': 'ヴェルディ'}, {'sort-name': 'Verdi, Giuseppe Fortunino Francesco', 'type': 'Legal name', 'alias': 'Giuseppe Fortunino Francesco Verdi'}, {'locale': 'lv', 'sort-name': 'Džuzepe Verdi', 'primary': 'primary', 'alias': 'Džuzepe Verdi'}, {'sort-name': 'Verdi, Giuseppe', 'alias': 'Verdi, Giuseppe'}, {'sort-name': 'Giuseppi Verdi', 'alias': 'Giuseppi Verdi'}, {'sort-name': 'Verdi', 'type': 'Artist name', 'alias': 'Verdi'}, {'sort-name': 'Verdi Va', 'alias': 'Verdi Va'}, {'sort-name': 'G. Verdi', 'alias': 'G. Verdi'}, {'sort-name': 'La Traviata', 'alias': 'La Traviata'}, {'locale': 'en', 'sort-name': 'Verdi, Giuseppe', 'type': 'Artist name', 'primary': 'primary', 'alias': 'Giuseppe Verdi'}]",['00031827792']
4b5d2bf6-8914-485a-974a-6e2640579030,Group,73,Kategorie C,Kategorie C,,,,,85752fda-13c4-31a3-bee5-0e5cb1f51dad,Country,Germany,Germany,false,9c607066-ceb6-4a78-a614-4c14a2b3ec35,City,Bremen,Bremen,false,,,,,,1997,,false,DE,"[{'locale': 'de_DE', 'sort-name': 'KC - Die Band', 'primary': 'primary', 'alias': 'KC - Die Band'}, {'locale': 'de', 'sort-name': 'Kategorie C - Hungrige Wölfe', 'primary': 'primary', 'alias': 'Kategorie C - Hungrige Wölfe'}]",
a4ac255f-9775-4c16-8642-7f51502e45dd,Person,73,Stephen King,"King, Stephen",male,author,"['0000000120213263', '0000000121446296']","[{'count': '1', 'name': 'has german audio plays'}, {'count': '1', 'name': 'writer'}, {'count': '1', 'name': 'audio drama'}, {'count': '1', 'name': 'horror'}, {'count': '1', 'name': 'has german audiobooks'}, {'count': '1', 'name': 'author'}, {'count': '1', 'name': 'on writing'}, {'count': '1', 'name': 'audiobook'}, {'count': '1', 'name': 'fantasy'}]",489ce91b-6658-3307-9877-795b68554c98,Country,United States,United States,false,71e43d18-c6f2-4c6f-8026-5f85af905bcd,City,Portland,Portland,false,,,,,,1947-09-21,,false,US,,
199c8c5c-0c13-44fc-8d9b-f3e5f3261103,Person,73,B. A. Robertson,"Robertson, B. A.",male,,['0000000077757803'],"[{'count': '1', 'name': 'rock'}, {'count': '1', 'name': 'classic pop and rock'}]",8a754a16-0027-3a29-b6d7-2b40ea0481ed,Country,United Kingdom,United Kingdom,false,c279f805-01f8-46f5-99cf-51f165a1adad,City,Glasgow,Glasgow,false,,,,,,1956-09-12,,false,GB,"[{'sort-name': 'Robertson, Brian Alexander', 'type': 'Legal name', 'alias': 'Brian Alexander Robertson'}, {'sort-name': 'B.A. Robertson', 'alias': 'B.A. Robertson'}, {'sort-name': 'BA Robertson', 'alias': 'BA Robertson'}]",['00086528445']
5675c80f-237c-4383-a2ed-7a143fd0cdaa,Person,73,Herb Robertson,"Robertson, Herb",male,,['000000005514677X'],"[{'count': '1', 'name': 'jazz'}]",489ce91b-6658-3307-9877-795b68554c98,Country,United States,United States,false,a36544c1-cb40-4f44-9e0e-7a5a69e403a8,Subdivision,New Jersey,New Jersey,false,,,,,,1951-02-21,,false,US,,
3cd3882c-00f8-4362-a0c2-ad89ed248533,Person,73,Robert Schumann,"Schumann, Robert",male,German classical composer,['0000000120955419'],"[{'count': '1', 'name': 'german'}, {'count': '2', 'name': 'composer'}, {'count': '0', 'name': 'german composer'}, {'count': '2', 'name': 'romantic'}, {'count': '4', 'name': 'classical'}, {'count': '1', 'name': 'romantic classical'}, {'count': '1', 'name': 'to clean up'}]",85752fda-13c4-31a3-bee5-0e5cb1f51dad,Country,Germany,Germany,false,23cc5e77-9e75-485f-9d9f-5208b514aa15,City,Zwickau,Zwickau,false,b86b7e97-c4e2-4ec2-942b-5a6cd8eea1da,City,Bonn,Bonn,false,1810-06-08,1856-07-29,true,DE,"[{'locale': 'en', 'sort-name': 'Schumann, Robert', 'type': 'Artist name', 'primary': 'primary', 'alias': 'Robert Schumann'}, {'sort-name': 'Schuhmann, Robert', 'alias': 'Robert Schuhmann'}, {'sort-name': 'シューマン', 'alias': 'シューマン'}, {'sort-name': 'Scuman', 'type': 'Search hint', 'alias': 'Scuman'}, {'sort-name': 'Schuman', 'type': 'Search hint', 'alias': 'Schuman'}, {'sort-name': 'Schumann', 'alias': 'Schumann'}, {'sort-name': 'R. Schumann', 'type': 'Search hint', 'alias': 'R. Schumann'}, {'sort-name': 'Robert Schmann', 'type': 'Search hint', 'alias': 'Robert Schmann'}, {'sort-name': '슈만', 'alias': '슈만'}, {'sort-name': 'R Schumann', 'type': 'Search hint', 'alias': 'R Schumann'}, {'sort-name': 'Robert Shumann', 'type': 'Search hint', 'alias': 'Robert Shumann'}, {'sort-name': 'R.Schumann', 'type': 'Search hint', 'alias': 'R.Schumann'}, {'sort-name': 'Shcumann', 'type': 'Search hint', 'alias': 'Shcumann'}, {'sort-name': 'Schuhmann', 'type': 'Search hint', 'alias': 'Schuhmann'}, {'sort-name': 'Shcuman', 'type': 'Search hint', 'alias': 'Shcuman'}, {'sort-name': 'Scumann', 'type': 'Search hint', 'alias': 'Scumann'}]",
54799c0e-eb45-4eea-996d-c4d71a63c499,Person,73,Ella Fitzgerald,"Fitzgerald, Ella",female,,['0000000108548546'],"[{'count': '1', 'name': 'pop'}, {'count': '8', 'name': 'jazz'}, {'count': '0', 'name': 'american'}, {'count': '1', 'name': 'blues'}, {'count': '0', 'name': 'ballads'}, {'count': '3', 'name': 'swing'}, {'count': '2', 'name': 'big band'}, {'count': '4', 'name': 'vocal jazz'}, {'count': '0', 'name': 'classic pop and rock'}, {'count': '1', 'name': 'standards'}, {'count': '-1', 'name': 'death by diabetes'}, {'count': '1', 'name': '2008 universal fire victim'}]",489ce91b-6658-3307-9877-795b68554c98,Country,United States,United States,false,3b1f4237-f431-4236-9ccb-8adb1745256c,City,Newport News,Newport News,false,73d8cbdd-3149-4cb6-a36d-1ef2036a8b88,City,Beverly Hills,Beverly Hills,false,1917-04-25,1996-06-15,true,US,"[{'locale': 'en', 'sort-name': 'Fitzgerald', 'alias': 'Fitzgerald'}, {'locale': 'ja', 'sort-name': 'エラ・フィッツジェラルド', 'type': 'Artist name', 'alias': 'エラ・フィッツジェラルド'}, {'sort-name': 'Ella Fiztgerald', 'alias': 'Ella Fiztgerald'}, {'sort-name': 'Ella Fiztgerarld', 'alias': 'Ella Fiztgerarld'}, {'sort-name': 'Ella Fitzgerard', 'alias': 'Ella Fitzgerard'}, {'sort-name': 'Ella Jane Fitzgerald', 'type': 'Legal name', 'alias': 'Ella Jane Fitzgerald'}, {'sort-name': 'First Lady of Song', 'type': 'Search hint', 'alias': 'First Lady of Song'}, {'sort-name': 'Queen of Jazz', 'type': 'Search hint', 'alias': 'Queen of Jazz'}, {'sort-name': 'Lady Ella', 'type': 'Search hint', 'alias': 'Lady Ella'}]",['00010318443']
e272ad6e-a207-406f-86db-b8f3b0835b88,Person,73,Illmat!c,Illmatic,male,"German rapper of Greek decent, started rapping in English, now rhymes in German",['0000000057258599'],"[{'count': '1', 'name': 'rap'}, {'count': '1', 'name': 'german'}, {'count': '1', 'name': 'hip hop'}]",85752fda-13c4-31a3-bee5-0e5cb1f51dad,Country,Germany,Germany,false,e15e7349-bf2f-4b12-877d-48f4eb0f2d14,City,Bad Pyrmont,Bad Pyrmont,false,,,,,,1973-01-14,,false,DE,"[{'sort-name': 'Illmatic', 'alias': 'Illmatic'}]",
6c959a76-808e-4a5c-b479-e076ff0d7ae7,Person,73,David Nathan,"Nathan, David",male,German voice actor and reciter,['0000000017122603'],"[{'count': '1', 'name': 'german audiobook reader'}]",85752fda-13c4-31a3-bee5-0e5cb1f51dad,Country,Germany,Germany,false,c9ac1239-e832-41bc-9930-e252a1fd1105,City,Berlin,Berlin,false,,,,,,1971-03-16,,false,DE,,
9f0d8fca-8131-4b22-b97c-3b8d4dcc1165,Person,73,Craig Robertson,"Robertson, Craig",,Composer and Ukulele player,,"[{'count': '1', 'name': 'ukulele'}]",,,,,,,,,,,,,,,,,,false,,,
9c30d138-7470-4d49-8524-a67ad3fee5dc,Person,73,Mae Robertson,"Robertson, Mae",female,,,,489ce91b-6658-3307-9877-795b68554c98,Country,United States,United States,false,,,,,,,,,,,,,false,US,,
4f4d0f72-c3bd-4ec9-91f9-5bf9eea18c8f,Person,73,Trent Robertson,"Robertson, Trent",,"""Basstronix""",,,,,,,,,,,,,,,,,,,,false,,,
2138488d-fc78-45eb-8759-f325c1f2b400,Person,73,Vico C,Vico C,male,,['0000000041417567'],"[{'count': '1', 'name': 'reggaeton'}, {'count': '1', 'name': 'latin'}, {'count': '1', 'name': 'hip hop'}]",3906cf32-00a7-32df-93cc-4710c5f5a542,Country,Puerto Rico,Puerto Rico,false,74e50e58-5deb-4b99-93a2-decbb365c07f,City,New York,New York,false,,,,,,1971-09-08,,false,PR,"[{'locale': 'es', 'sort-name': 'Lozada Cruz, Luis Armando', 'type': 'Legal name', 'alias': 'Luis Armando Lozada Cruz'}]",
1858bcc0-4fa2-42c0-be83-f71418131c22,Person,73,Justin Robertson,"Robertson, Justin",male,,['0000000001155961'],,8a754a16-0027-3a29-b6d7-2b40ea0481ed,Country,United Kingdom,United Kingdom,false,139a22d9-3427-46a6-980a-b39078ff1fbf,City,Walton-on-Thames,Walton-on-Thames,false,,,,,,1968-06-11,,false,GB,"[{'sort-name': 'Robertson, Justin Mark', 'type': 'Legal name', 'alias': 'Justin Mark Robertson'}]",['00256845436']
eefd7c1e-abcf-4ccc-ba60-0fd435c9061f,Person,72,Richard Wagner,"Wagner, Richard",male,composer,['0000000122779084'],"[{'count': '6', 'name': 'classical'}, {'count': '4', 'name': 'german'}, {'count': '0', 'name': 'german composer'}, {'count': '-1', 'name': 'production music'}, {'count': '3', 'name': 'opera'}, {'count': '5', 'name': 'composer'}, {'count': '1', 'name': 'romantic'}, {'count': '1', 'name': 'european'}, {'count': '0', 'name': 'die walkure'}, {'count': '1', 'name': 'romantic classical'}]",85752fda-13c4-31a3-bee5-0e5cb1f51dad,Country,Germany,Germany,false,20619e36-fca8-4499-bcc8-be01a3ea3e41,City,Leipzig,Leipzig,false,a6e08cd9-a712-4152-8808-9485c75e1196,City,Venezia,Venezia,false,1813-05-22,1883-02-13,true,DE,"[{'locale': 'ja', 'sort-name': 'ワーグナー', 'primary': 'primary', 'alias': 'ワーグナー'}, {'locale': 'ko', 'sort-name': '바그너', 'primary': 'primary', 'alias': '바그너'}, {'locale': 'lv', 'sort-name': 'Vāgners, Rihards', 'type': 'Artist name', 'primary': 'primary', 'alias': 'Rihards Vāgners'}, {'locale': 'en', 'sort-name': 'Wagner, Richard', 'type': 'Artist name', 'primary': 'primary', 'alias': 'Richard Wagner'}, {'locale': 'de', 'sort-name': 'Wagner, Richard', 'type': 'Artist name', 'primary': 'primary', 'alias': 'Richard Wagner'}, {'sort-name': 'Wagner', 'alias': 'Wagner'}, {'sort-name': 'R Wagner', 'alias': 'R Wagner'}, {'sort-name': 'RichardWagner', 'alias': 'RichardWagner'}, {'sort-name': 'Wilhelm Richard Wagner', 'alias': 'Wilhelm Richard Wagner'}]",['00032371022']
107ed89a-88ff-4a90-8b75-2619dc7ba950,Person,72,Luna‐C,Luna‐C,male,,['0000000372384843'],"[{'count': '1', 'name': 'breakbeat hardcore'}]",8a754a16-0027-3a29-b6d7-2b40ea0481ed,Country,United Kingdom,United Kingdom,false,8b889dad-0465-42de-af22-c1a087cd3b44,District,Isleworth,Isleworth,false,,,,,,1973-05-01,,false,GB,"[{'sort-name': 'DJ Luna-C', 'alias': 'DJ Luna-C'}, {'sort-name': 'Luna C', 'alias': 'Luna C'}]",
c1875737-6b46-4ddc-b79c-2ec1e77e8ac3,Person,72,Janelle Robertson,"Robertson, Janelle",,Production music composer,,,,,,,,,,,,,,,,,,,,false,,,
f7ea7eb4-86d0-494c-bd1a-4d47c884d056,Person,72,Ailie Robertson,"Robertson, Ailie",female,Scottish harp player,,"[{'count': '1', 'name': 'composer'}]",8a754a16-0027-3a29-b6d7-2b40ea0481ed,Country,United Kingdom,United Kingdom,false,,,,,,,,,,,1983,,false,GB,,
043177dd-a46a-48e6-91fa-1e7d7c199a71,Person,72,Eck Robertson,"Robertson, Eck",male,,['000000011271253X'],,489ce91b-6658-3307-9877-795b68554c98,Country,United States,United States,false,8788d6c2-c779-4be5-ad47-cf0a95e0f2a0,Subdivision,Arkansas,Arkansas,false,02398b9b-ef3f-4d88-9f1f-e3d0961a4084,City,Borger,Borger,false,1887-11-20,1975-02-15,true,US,"[{'sort-name': 'Robertson, A.C.', 'alias': 'A.C. Robertson'}, {'sort-name': ""Alexander Campbell 'Eck' Robertson"", 'alias': ""Alexander Campbell 'Eck' Robertson""}]",
31927543-fdd3-4e1d-8e07-21b4ebc749f0,Person,72,Raf Robertson,"Robertson, Raf",male,,,,,,,,,,,,,,,,,,,,,false,,,
fad46635-5d90-484e-bcf9-5a8e3c1f8830,Person,72,Stephen Fry,"Fry, Stephen",male,"English comedian, actor, writer, presenter & activist",['000000012129064X'],"[{'count': '1', 'name': 'british'}, {'count': '1', 'name': 'english'}, {'count': '2', 'name': 'uk'}, {'count': '1', 'name': 'non-musician'}]",8a754a16-0027-3a29-b6d7-2b40ea0481ed,Country,United Kingdom,United Kingdom,false,b0b860b3-35d3-414b-b734-7e5b1c41ea70,District,Hampstead,Hampstead,false,,,,,,1957-08-24,,false,GB,,
d59c4cda-11d9-48db-8bfe-b557ee602aed,Person,72,Billie Holiday,"Holiday, Billie",female,,"['0000000110215599', '0000000368571283']","[{'count': '11', 'name': 'jazz'}, {'count': '2', 'name': 'blues'}, {'count': '1', 'name': 'vocalist'}, {'count': '1', 'name': 'swing'}, {'count': '2', 'name': 'vocal jazz'}, {'count': '-1', 'name': 'rock and indie'}, {'count': '1', 'name': 'standards'}, {'count': '1', 'name': 'traditional pop'}, {'count': '-2', 'name': 'death by cirrhosis'}, {'count': '-1', 'name': '10 cd'}, {'count': '0', 'name': '1933'}, {'count': '1', 'name': 'cotm candidate'}, {'count': '1', 'name': 'eddie rubin'}, {'count': '1', 'name': '2008 universal fire victim'}]",489ce91b-6658-3307-9877-795b68554c98,Country,United States,United States,false,0eeb01c2-6e31-46ad-96b8-319749f731d2,City,Philadelphia,Philadelphia,false,74e50e58-5deb-4b99-93a2-decbb365c07f,City,New York,New York,false,1915-04-07,1959-07-17,true,US,"[{'locale': 'en', 'sort-name': 'Holliday, B.', 'alias': 'B. Holliday'}, {'locale': 'ja', 'sort-name': 'ビリー・ホリデイ', 'type': 'Artist name', 'alias': 'ビリー・ホリデイ'}, {'sort-name': 'Lady Day', 'type': 'Artist name', 'alias': 'Lady Day'}, {'sort-name': 'Gough, Eleanora Fagan', 'type': 'Legal name', 'alias': 'Eleanora Fagan Gough'}, {'sort-name': 'Holiday, Billy', 'alias': 'Holiday, Billy'}, {'sort-name': 'Billy Holliday', 'alias': 'Billy Holliday'}, {'sort-name': 'Billy Holiday', 'alias': 'Billy Holiday'}, {'sort-name': 'Billie Holliday With Lester Young', 'alias': 'Billie Holliday With Lester Young'}, {'sort-name': 'Billie Holiday & Her Orchestra', 'alias': 'Billie Holiday & Her Orchestra'}, {'sort-name': 'Billie Holliday', 'alias': 'Billie Holliday'}, {'sort-name': 'Holiday, Billie', 'alias': 'Holiday, Billie'}, {'sort-name': 'Billie Hoiliday', 'alias': 'Billie Hoiliday'}, {'sort-name': 'Billie Holidy', 'alias': 'Billie Holidy'}, {'sort-name': 'billie holiday and her orchestra', 'alias': 'billie holiday and her orchestra'}, {'sort-name': 'Bille Holiday', 'alias': 'Bille Holiday'}]",['00014281809']
b80c6563-7908-483f-b998-770c69d4d9e8,Person,72,R. C. Bray,"Bray, R. C.",male,,,,489ce91b-6658-3307-9877-795b68554c98,Country,United States,United States,false,,,,,,,,,,,,,false,US,"[{'sort-name': 'Bray, R. C.', 'alias': 'R. C. Bray'}]",
e728165f-ff95-4061-8288-e3de5c37c28f,Person,72,Morley Robertson,"Robertson, Morley",male,,,"[{'count': '1', 'name': 'likedis auto'}]",2db42837-c832-3c27-b4a3-08198f75693c,Country,Japan,Japan,false,75e398a3-5f3f-4224-9cd8-0fe44715bc95,Subdivision,New York,New York,false,,,,,,1963-01-12,,false,JP,,
75167b8b-44e4-407b-9d35-effe87b223cf,Person,72,Neil Young,"Young, Neil",male,"Canadian singer, songwriter & musician",['0000000373889026'],"[{'count': '7', 'name': 'rock'}, {'count': '5', 'name': 'folk'}, {'count': '1', 'name': 'blues'}, {'count': '5', 'name': 'canadian'}, {'count': '1', 'name': 'singer-songwriter'}, {'count': '4', 'name': 'hard rock'}, {'count': '1', 'name': 'country'}, {'count': '7', 'name': 'folk rock'}, {'count': '6', 'name': 'country rock'}, {'count': '0', 'name': 'classic rock'}, {'count': '2', 'name': 'contemporary folk'}, {'count': '0', 'name': 'classic pop and rock'}, {'count': '0', 'name': 'shocking'}, {'count': '2', 'name': 'singer/songwriter'}, {'count': '1', 'name': '2008 universal fire victim'}]",71bbafaa-e825-3e15-8ca9-017dcad1748b,Country,Canada,Canada,false,74b24e62-d2fe-42d2-9d96-31f2da756c77,City,Toronto,Toronto,false,,,,,,1945-11-12,,false,CA,"[{'sort-name': 'Neil Young & Friends', 'alias': 'Neil Young & Friends'}, {'sort-name': 'Young, Neil Percival', 'type': 'Legal name', 'alias': 'Neil Percival Young'}, {'sort-name': 'Neil Young & the Shocking Pinks', 'type': 'Search hint', 'alias': 'Neil Young & the Shocking Pinks'}, {'sort-name': 'Niel Young', 'type': 'Search hint', 'alias': 'Niel Young'}, {'sort-name': 'Shakey, Bernard', 'alias': 'Bernard Shakey'}]",['00033411035']
cf59c457-f907-46ec-af39-ca55cb3f4aad,Person,72,William Robertson,"Robertson, William",male,,,,8a754a16-0027-3a29-b6d7-2b40ea0481ed,Country,United Kingdom,United Kingdom,false,,,,,,,,,,,,,false,GB,,
7fea96f0-27fd-4c43-b1eb-9ce898645c18,Person,72,Biochip C.,Biochip C.,male,,['0000000058173167'],,85752fda-13c4-31a3-bee5-0e5cb1f51dad,Country,Germany,Germany,false,,,,,,,,,,,,,false,DE,"[{'sort-name': 'Biochip C', 'alias': 'Biochip C'}]",
807b2e04-d53e-4f82-b7aa-b57eb8cbf3ef,Person,72,Nick Robertson,"Robertson, Nick",,real name Robert D. Nickson,,,,,,,,,,,,,,,,,,,,false,,,
01377c4a-d81d-4100-b904-914a23880933,Person,72,Nia Robertson,"Robertson, Nia",female,,,,,,,,,,,,,,,,,,,,,false,,,
e5496e08-c4a5-4960-9f1a-b4371a34c7b7,Person,72,Harry Robertson,"Robertson, Harry",male,Uk composer,,,,,,,,,,,,,,,,,,1932-11-19,1996-01-17,true,,"[{'sort-name': 'Robertson, Henry Macleod', 'alias': 'Henry Macleod Robertson'}]",['00026263795']
f334f831-33da-4533-8702-1182b362a73b,Person,72,C‐Murder,C‐Murder,male,,['0000000057330618'],"[{'count': '1', 'name': 'gangsta rap'}, {'count': '1', 'name': 'hip hop'}]",52f646b9-8a6c-423f-b034-fe81a7693323,City,Gretna,Gretna,false,3c5a0506-d852-4e96-8d1e-d8126328f3be,City,New Orleans,New Orleans,false,,,,,,1971-03-09,,false,,"[{'sort-name': 'Miller, Corey', 'type': 'Legal name', 'alias': 'Corey Miller'}]",
